1.39, -9.14, -2.91, 26.27, 22.25, 40.77, 1.69, 94524.40, 6.12, 11.89,1
1.44, -9.34, -3.40, 26.27, 22.25, 40.77, 1.69, 94524.40, 6.12, 11.89,1
1.60, -9.11, -3.23, 26.26, 22.50, 40.80, 1.69, 94526.28, 6.12, 11.89,1
1.48, -9.20, -2.93, 26.26, 22.50, 40.80, 1.69, 94526.28, 6.12, 11.89,1
1.58, -9.11, -3.20, 26.27, 22.50, 40.79, 1.69, 94519.81, 6.13, 11.90,1
1.42, -9.10, -3.23, 26.27, 22.50, 40.79, 1.69, 94519.81, 6.13, 11.90,1
1.29, -9.06, -3.16, 26.27, 22.50, 40.79, 1.69, 94517.11, 6.13, 11.90,5
1.54, -9.04, -3.41, 26.27, 22.50, 40.79, 1.69, 94517.11, 6.13, 11.90,5
1.40, -9.18, -3.12, 26.26, 22.50, 40.81, 1.69, 94518.17, 6.13, 11.90,5
1.44, -9.10, -3.13, 26.26, 22.50, 40.81, 1.69, 94518.17, 6.13, 11.90,5
1.53, -9.15, -3.49, 26.27, 22.50, 40.81, 1.69, 94519.81, 6.13, 11.91,5
1.44, -9.15, -3.34, 26.27, 22.50, 40.81, 1.69, 94519.81, 6.13, 11.91,5
1.46, -9.10, -2.90, 26.27, 22.50, 40.82, 1.69, 94519.81, 6.13, 11.91,5
1.42, -9.03, -2.80, 26.27, 22.50, 40.82, 1.69, 94519.81, 6.13, 11.91,5
1.36, -9.14, -3.05, 26.27, 22.50, 40.82, 1.69, 94519.81, 6.13, 11.91,5
1.46, -9.15, -3.07, 26.27, 22.50, 40.82, 1.69, 94519.81, 6.13, 11.91,5
1.45, -9.08, -2.73, 26.28, 22.50, 40.83, 1.69, 94515.23, 6.13, 11.92,5
1.31, -9.13, -3.19, 26.28, 22.50, 40.83, 1.69, 94515.23, 6.13, 11.92,5
1.61, -9.15, -3.15, 26.27, 22.50, 40.84, 1.69, 94519.81, 6.13, 11.92,5
1.26, -9.17, -2.95, 26.27, 22.50, 40.84, 1.69, 94519.81, 6.13, 11.92,5
1.65, -9.22, -2.87, 26.27, 22.75, 40.85, 1.69, 94519.81, 6.13, 11.92,5
1.46, -9.14, -3.15, 26.27, 22.75, 40.85, 1.69, 94519.81, 6.13, 11.92,5
1.34, -9.32, -3.20, 26.27, 22.75, 40.84, 1.69, 94519.81, 6.13, 11.92,5
1.32, -9.12, -2.91, 26.27, 22.75, 40.84, 1.69, 94519.81, 6.13, 11.92,5
1.51, -9.07, -3.07, 26.28, 22.75, 40.83, 1.69, 94520.64, 6.12, 11.92,5
1.38, -9.16, -2.65, 26.28, 22.75, 40.83, 1.69, 94520.64, 6.12, 11.92,5
1.47, -9.22, -2.90, 26.28, 22.75, 40.83, 1.69, 94526.05, 6.12, 11.92,5
1.42, -9.11, -3.11, 26.28, 22.75, 40.83, 1.69, 94526.05, 6.12, 11.92,5
1.43, -9.26, -2.85, 26.27, 22.75, 40.82, 1.69, 94519.81, 6.13, 11.91,5
1.38, -9.22, -2.89, 26.27, 22.75, 40.82, 1.69, 94519.81, 6.13, 11.91,5
1.43, -9.11, -2.87, 26.28, 22.75, 40.82, 1.69, 94521.47, 6.12, 11.92,5
1.45, -9.19, -2.97, 26.28, 22.75, 40.82, 1.69, 94521.47, 6.12, 11.92,5
1.24, -9.18, -3.19, 26.27, 22.75, 40.80, 1.69, 94517.11, 6.13, 11.90,5
1.28, -9.15, -2.54, 26.27, 22.75, 40.80, 1.69, 94517.11, 6.13, 11.90,5
1.44, -9.10, -3.00, 26.29, 22.75, 40.82, 1.69, 94527.70, 6.12, 11.92,5
1.25, -9.30, -2.79, 26.29, 22.75, 40.82, 1.69, 94527.70, 6.12, 11.92,5
1.32, -9.22, -2.82, 26.28, 22.75, 40.79, 1.69, 94518.77, 6.13, 11.91,5
1.40, -9.21, -3.30, 26.28, 22.75, 40.79, 1.69, 94518.77, 6.13, 11.91,5
1.37, -9.23, -3.13, 26.27, 22.75, 40.79, 1.69, 94519.81, 6.13, 11.90,5
1.37, -9.26, -3.09, 26.27, 22.75, 40.79, 1.69, 94519.81, 6.13, 11.90,5
1.32, -9.15, -2.67, 26.28, 22.75, 40.77, 1.69, 94526.05, 6.12, 11.90,5
1.46, -9.15, -3.06, 26.28, 22.75, 40.77, 1.69, 94526.05, 6.12, 11.90,5
1.24, -9.17, -3.16, 26.28, 22.75, 40.75, 1.69, 94521.47, 6.12, 11.89,5
1.37, -9.25, -2.87, 26.28, 22.75, 40.75, 1.69, 94521.47, 6.12, 11.89,5
1.38, -9.21, -2.85, 26.28, 22.50, 40.75, 1.69, 94517.94, 6.13, 11.89,5
1.37, -9.22, -3.05, 26.28, 22.50, 40.75, 1.69, 94517.94, 6.13, 11.89,5
1.36, -9.20, -2.98, 26.28, 22.50, 40.73, 1.69, 94526.88, 6.12, 11.89,5
1.24, -9.23, -2.43, 26.28, 22.50, 40.73, 1.69, 94526.88, 6.12, 11.89,5
1.27, -9.32, -3.11, 26.28, 22.50, 40.71, 1.69, 94521.47, 6.12, 11.88,5
1.31, -9.31, -3.07, 26.28, 22.50, 40.71, 1.69, 94521.47, 6.12, 11.88,5
1.29, -9.25, -2.87, 26.29, 22.50, 40.71, 1.69, 94522.30, 6.12, 11.89,5
1.15, -9.17, -2.89, 26.29, 22.50, 40.71, 1.69, 94522.30, 6.12, 11.89,5
1.12, -9.12, -2.75, 26.28, 22.50, 40.70, 1.69, 94521.47, 6.12, 11.87,5
1.30, -9.17, -3.29, 26.28, 22.50, 40.70, 1.69, 94521.47, 6.12, 11.87,5
1.34, -9.13, -3.26, 26.29, 22.50, 40.70, 1.69, 94517.71, 6.13, 11.88,5
1.26, -9.13, -3.07, 26.29, 22.50, 40.70, 1.69, 94517.71, 6.13, 11.88,5
1.14, -9.32, -3.48, 26.28, 22.75, 40.67, 1.69, 94521.47, 6.12, 11.86,5
1.19, -9.26, -3.38, 26.28, 22.75, 40.67, 1.69, 94521.47, 6.12, 11.86,5
1.26, -9.27, -2.85, 26.28, 22.75, 40.64, 1.69, 94515.23, 6.13, 11.85,5
1.39, -9.15, -3.21, 26.28, 22.75, 40.64, 1.69, 94515.23, 6.13, 11.85,5
1.34, -9.26, -2.55, 26.29, 22.75, 40.62, 1.69, 94520.41, 6.12, 11.85,5
1.14, -9.28, -3.34, 26.29, 22.75, 40.62, 1.69, 94520.41, 6.12, 11.85,5
0.80, -9.40, -2.94, 26.28, 22.25, 40.60, 1.69, 94521.47, 6.12, 11.84,5
1.09, -9.54, -2.97, 26.28, 22.25, 40.60, 1.69, 94521.47, 6.12, 11.84,5
1.02, -9.41, -2.79, 26.29, 22.25, 40.60, 1.69, 94517.71, 6.13, 11.85,5
1.01, -9.35, -2.70, 26.29, 22.25, 40.60, 1.69, 94517.71, 6.13, 11.85,5
1.47, -9.11, -2.87, 26.28, 22.25, 40.58, 1.69, 94521.47, 6.12, 11.83,5
1.31, -9.13, -2.99, 26.28, 22.25, 40.58, 1.69, 94521.47, 6.12, 11.83,5
1.23, -9.28, -3.06, 26.29, 22.50, 40.56, 1.69, 94527.70, 6.12, 11.83,5
1.00, -9.29, -3.38, 26.29, 22.50, 40.56, 1.69, 94527.70, 6.12, 11.83,5
1.11, -9.32, -3.48, 26.28, 22.50, 40.56, 1.69, 94516.06, 6.13, 11.82,5
1.14, -9.35, -3.13, 26.28, 22.50, 40.56, 1.69, 94516.06, 6.13, 11.82,5
1.44, -9.00, -3.18, 26.29, 22.50, 40.54, 1.69, 94519.59, 6.13, 11.82,5
1.35, -8.91, -3.34, 26.29, 22.50, 40.54, 1.69, 94519.59, 6.13, 11.82,5
1.32, -8.96, -3.30, 26.29, 23.00, 40.51, 1.69, 94516.89, 6.13, 11.81,5
1.35, -9.05, -3.38, 26.29, 23.00, 40.51, 1.69, 94516.89, 6.13, 11.81,5
1.51, -8.92, -3.00, 26.29, 23.00, 40.52, 1.69, 94517.71, 6.13, 11.82,5
1.46, -8.88, -3.07, 26.29, 23.00, 40.52, 1.69, 94517.71, 6.13, 11.82,5
1.35, -9.00, -3.36, 26.28, 23.00, 40.50, 1.69, 94516.06, 6.13, 11.80,5
1.51, -9.13, -3.45, 26.28, 23.00, 40.50, 1.69, 94516.06, 6.13, 11.80,5
1.52, -9.43, -3.65, 26.28, 23.50, 40.48, 1.69, 94510.66, 6.13, 11.79,5
1.64, -9.48, -3.48, 26.28, 23.50, 40.48, 1.69, 94510.66, 6.13, 11.79,5
1.25, -9.71, -3.42, 26.28, 23.50, 40.45, 1.69, 94518.77, 6.13, 11.78,5
0.80, -8.28, -3.74, 26.30, 17.25, 40.39, 1.69, 94523.97, 6.12, 11.78,5
1.58, -8.83, -3.33, 26.32, 18.50, 40.11, 1.69, 94517.28, 6.13, 11.69,5
1.35, -9.32, -3.07, 26.36, 18.25, 39.80, 1.69, 94523.09, 6.12, 11.61,5
1.21, -9.34, -3.20, 26.40, 29.50, 39.98, 1.69, 94519.73, 6.13, 11.71,5
1.28, -9.27, -2.99, 26.40, 26.50, 38.76, 1.69, 94519.73, 6.13, 11.24,5
1.96, -8.80, -2.74, 26.43, 18.75, 40.12, 1.69, 94524.72, 6.12, 11.79,5
1.39, -9.27, -3.19, 26.49, 19.25, 39.70, 1.69, 94519.52, 6.13, 11.68,5
1.59, -9.00, -3.14, 26.52, 11.75, 42.61, 1.69, 94522.62, 6.12, 12.79,5
1.51, -8.99, -3.52, 26.55, 13.75, 41.46, 1.69, 94511.38, 6.13, 12.39,5
1.59, -9.15, -3.19, 26.57, 11.50, 40.73, 1.69, 94503.02, 6.14, 12.14,5
1.68, -9.12, -2.94, 26.62, 11.50, 39.61, 1.69, 94516.72, 6.13, 11.77,5
1.48, -9.22, -2.83, 26.66, 11.25, 39.08, 1.69, 94515.23, 6.13, 11.60,5
1.69, -9.31, -2.85, 26.68, 11.50, 39.28, 1.69, 94515.86, 6.13, 11.69,5
1.58, -9.07, -3.12, 26.70, 12.00, 38.42, 1.69, 94513.75, 6.13, 11.37,5
3.45, -8.21, -0.50, 26.73, 23.75, 39.33, 1.69, 94516.03, 6.13, 11.76,5
0.08, -5.63, 7.41, 26.72, 4.00, 38.16, 1.69, 94517.08, 6.13, 11.29,5
2.37, 0.87, 7.40, 26.75, 3.00, 37.32, 1.69, 94516.62, 6.13, 10.98,5
3.86, -7.56, 1.47, 26.80, 14.00, 37.24, 1.69, 94514.08, 6.13, 10.99,5
0.89, -12.84, -0.23, 26.81, 10.75, 36.58, 1.69, 94523.88, 6.12, 10.73,5
-1.16, -7.48, -2.00, 26.79, 13.25, 35.89, 1.69, 94523.25, 6.12, 10.43,5
0.18, -8.74, -2.89, 26.72, 23.75, 37.06, 1.69, 94506.26, 6.14, 10.85,5
3.36, -12.41, -7.55, 26.85, 44.25, 38.32, 1.69, 94522.39, 6.12, 11.47,5
1.38, -6.51, -2.09, 26.78, 73.25, 38.50, 1.69, 94516.19, 6.13, 11.48,5
-0.65, -10.95, -2.65, 26.87, 61.00, 38.94, 1.69, 94519.45, 6.13, 11.73,5
0.20, -9.66, -1.86, 26.89, 40.50, 40.05, 1.69, 94515.49, 6.13, 12.18,5
7.60, -5.57, 5.97, 26.94, 35.75, 41.70, 1.69, 94516.70, 6.13, 12.84,5
0.46, -9.23, 0.47, 26.97, 23.50, 41.09, 1.69, 94513.53, 6.13, 12.64,5
-1.51, -9.18, -0.53, 26.99, 22.25, 42.87, 1.69, 94514.98, 6.13, 13.30,5
0.34, -9.00, 0.80, 27.01, 8.50, 41.71, 1.69, 94514.75, 6.13, 12.90,5
1.59, -11.01, -3.63, 27.02, 8.00, 41.06, 1.69, 94517.27, 6.13, 12.67,5
-0.10, -8.29, -1.98, 26.99, 6.00, 39.97, 1.69, 94516.87, 6.13, 12.23,5
2.11, -10.45, -4.19, 27.03, 11.25, 39.94, 1.69, 94521.61, 6.12, 12.26,5
0.57, -8.59, 0.58, 27.05, 21.25, 38.35, 1.69, 94513.27, 6.13, 11.66,5
2.17, -8.13, -1.39, 26.98, 24.75, 36.67, 1.69, 94515.22, 6.13, 10.92,5
1.30, -9.12, -3.00, 27.06, 27.50, 36.43, 1.69, 94517.62, 6.13, 10.89,5
2.38, -9.30, -2.15, 27.10, 30.50, 40.31, 1.69, 94511.60, 6.13, 12.46,5
4.02, -9.12, -0.23, 27.10, 28.00, 38.29, 1.69, 94513.45, 6.13, 11.68,5
1.99, -9.30, -2.65, 27.13, 37.25, 37.24, 1.69, 94513.84, 6.13, 11.29,5
-0.60, -8.91, -3.07, 27.16, 30.75, 36.90, 1.69, 94509.88, 6.13, 11.17,5
2.39, -7.26, 1.43, 27.14, 8.50, 36.06, 1.69, 94514.66, 6.13, 10.81,5
3.08, -7.41, 0.26, 27.15, 8.25, 35.70, 1.69, 94513.64, 6.13, 10.67,5
2.48, -8.96, -1.32, 27.17, 12.75, 35.57, 1.69, 94519.65, 6.13, 10.63,5
2.37, -8.93, -0.88, 27.16, 11.75, 35.41, 1.69, 94518.00, 6.13, 10.55,5
-0.80, -10.02, -2.34, 27.17, 37.25, 35.43, 1.69, 94519.65, 6.13, 10.57,5
2.18, -10.12, 2.72, 27.18, 10.75, 35.25, 1.69, 94512.34, 6.13, 10.50,5
4.18, -7.39, 3.37, 27.20, 7.00, 35.17, 1.69, 94524.62, 6.12, 10.49,5
1.21, -8.95, -2.27, 27.24, 18.25, 35.67, 1.69, 94525.02, 6.12, 10.73,5
0.71, -8.18, 5.29, 27.25, 9.50, 35.91, 1.69, 94522.08, 6.12, 10.84,5
0.57, -8.19, 4.67, 27.30, 7.50, 35.98, 1.69, 94524.94, 6.12, 10.92,5
0.76, -8.38, 4.62, 27.28, 8.25, 35.47, 1.69, 94524.34, 6.12, 10.69,5
1.07, -8.60, 4.22, 27.31, 6.50, 35.89, 1.69, 94520.34, 6.12, 10.89,5
0.80, -8.36, 4.97, 27.30, 6.50, 35.55, 1.69, 94524.11, 6.12, 10.73,5
0.86, -8.31, 5.19, 27.30, 7.25, 35.42, 1.69, 94524.11, 6.12, 10.68,5
0.82, -8.48, 4.67, 27.35, 6.50, 35.87, 1.69, 94526.97, 6.12, 10.92,5
0.86, -8.32, 5.26, 27.36, 6.75, 35.89, 1.69, 94518.64, 6.13, 10.93,5
0.50, -8.38, 4.54, 27.38, 6.75, 35.54, 1.69, 94516.53, 6.13, 10.80,5
0.75, -8.29, 5.36, 27.38, 7.50, 35.12, 1.69, 94521.12, 6.12, 10.62,5
0.86, -8.38, 4.70, 27.39, 8.00, 34.91, 1.69, 94515.47, 6.13, 10.54,5
0.74, -8.15, 5.21, 27.41, 7.75, 35.72, 1.69, 94521.51, 6.12, 10.90,5
0.75, -8.33, 4.27, 27.44, 6.75, 36.61, 1.69, 94514.80, 6.13, 11.30,5
1.12, -8.31, 5.12, 27.45, 8.50, 37.99, 1.69, 94515.65, 6.13, 11.87,5
0.63, -8.32, 5.12, 27.48, 9.50, 36.39, 1.69, 94517.89, 6.13, 11.25,5
1.14, -8.44, 4.61, 27.45, 7.25, 35.38, 1.69, 94521.89, 6.12, 10.79,5
0.98, -8.50, 4.53, 27.51, 7.75, 35.20, 1.69, 94518.27, 6.13, 10.77,5
0.72, -8.31, 5.18, 27.51, 7.00, 35.04, 1.69, 94520.16, 6.12, 10.70,5
1.00, -8.52, 4.41, 27.51, 7.75, 34.83, 1.69, 94520.98, 6.12, 10.61,5
0.91, -8.32, 4.83, 27.53, 8.50, 34.78, 1.69, 94512.66, 6.13, 10.61,5
2.29, -9.37, 4.55, 27.54, 9.00, 35.42, 1.69, 94515.13, 6.13, 10.89,5
3.09, -8.82, 2.92, 27.57, 7.50, 35.61, 1.69, 94519.25, 6.13, 11.00,5
3.10, -9.12, 1.96, 27.47, 9.75, 35.28, 1.69, 94502.70, 6.14, 10.77,5
2.79, -8.72, 2.86, 27.56, 7.25, 35.44, 1.69, 94512.18, 6.13, 10.92,5
3.04, -8.70, 2.90, 27.58, 7.25, 34.53, 1.69, 94519.05, 6.13, 10.55,5
2.90, -9.02, 1.90, 27.53, 9.50, 34.04, 1.69, 94507.23, 6.14, 10.29,5
2.70, -9.27, 2.55, 27.57, 9.75, 33.72, 1.69, 94520.10, 6.12, 10.18,5
2.97, -8.99, 3.04, 27.52, 8.00, 33.55, 1.69, 94505.55, 6.14, 10.06,5
2.93, -9.17, 1.87, 27.60, 10.50, 33.68, 1.69, 94514.21, 6.13, 10.19,5
3.37, -8.52, 2.67, 27.63, 9.25, 33.81, 1.69, 94518.37, 6.13, 10.27,5
3.02, -9.09, 3.31, 27.64, 8.00, 33.85, 1.69, 94520.84, 6.12, 10.30,5
3.19, -9.00, 2.61, 27.63, 8.75, 33.62, 1.69, 94519.19, 6.13, 10.19,5
2.96, -8.87, 2.77, 27.65, 9.25, 33.58, 1.69, 94516.25, 6.13, 10.19,5
2.85, -8.58, 3.75, 27.66, 7.50, 35.38, 1.69, 94512.50, 6.13, 10.98,5
3.11, -8.83, 2.48, 27.69, 9.25, 35.48, 1.69, 94517.45, 6.13, 11.05,5
2.82, -8.76, 2.75, 27.68, 8.75, 35.41, 1.69, 94521.22, 6.12, 11.01,5
3.23, -9.02, 2.41, 27.71, 9.50, 35.94, 1.69, 94520.78, 6.12, 11.26,5
3.07, -9.08, 2.03, 27.72, 9.75, 35.18, 1.69, 94522.43, 6.12, 10.95,5
0.27, -7.57, 5.45, 27.73, 7.25, 34.47, 1.69, 94524.11, 6.12, 10.65,5
0.74, -8.22, 4.98, 27.78, 7.00, 34.97, 1.69, 94513.45, 6.13, 10.91,5
0.44, -8.10, 4.88, 27.82, 6.75, 35.73, 1.69, 94522.75, 6.12, 11.27,5
0.97, -8.02, 5.63, 27.82, 6.75, 35.88, 1.69, 94525.45, 6.12, 11.33,5
0.69, -9.45, -0.19, 27.81, 16.25, 37.54, 1.69, 94529.23, 6.12, 12.01,5
0.33, -9.67, 1.05, 27.81, 14.50, 36.08, 1.69, 94526.52, 6.12, 11.41,5
1.12, -9.22, 2.88, 27.82, 8.25, 34.57, 1.69, 94524.63, 6.12, 10.77,5
0.61, -9.07, 0.44, 27.85, 9.25, 35.33, 1.69, 94522.30, 6.12, 11.13,5
1.59, -9.48, 1.80, 27.84, 12.25, 34.58, 1.69, 94522.55, 6.12, 10.80,5
1.30, -9.25, 3.29, 27.87, 8.50, 34.78, 1.69, 94525.63, 6.12, 10.91,5
1.41, -9.22, 3.17, 27.90, 8.50, 35.01, 1.69, 94518.91, 6.13, 11.04,5
1.10, -9.05, 3.09, 27.92, 8.75, 34.85, 1.69, 94521.42, 6.12, 10.98,5
1.01, -9.01, 3.10, 27.95, 8.50, 34.61, 1.69, 94520.94, 6.12, 10.91,5
1.32, -9.12, 3.01, 27.96, 8.50, 34.32, 1.69, 94519.91, 6.13, 10.79,5
1.08, -9.36, 2.62, 27.99, 8.75, 35.03, 1.69, 94519.44, 6.13, 11.12,5
1.34, -9.27, 2.94, 27.99, 8.75, 34.40, 1.69, 94522.14, 6.12, 10.85,5
0.94, -9.09, 3.01, 28.02, 9.00, 34.85, 1.69, 94524.41, 6.12, 11.07,5
1.23, -9.07, 2.85, 28.04, 8.75, 35.41, 1.69, 94535.87, 6.11, 11.33,5
1.17, -9.19, 2.88, 28.05, 7.50, 35.30, 1.69, 94526.67, 6.12, 11.29,5
0.93, -9.17, 3.11, 28.06, 7.50, 35.37, 1.69, 94522.91, 6.12, 11.33,5
1.20, -9.60, 3.26, 28.09, 8.75, 35.97, 1.69, 94527.87, 6.12, 11.61,5
2.20, -8.61, 2.11, 28.11, 13.50, 36.09, 1.69, 94523.04, 6.12, 11.68,5
0.20, -9.24, -3.22, 28.09, 21.25, 35.21, 1.69, 94520.56, 6.12, 11.29,5
0.04, -9.91, -2.85, 28.11, 24.75, 35.31, 1.69, 94514.91, 6.13, 11.35,5
-0.06, -9.81, -1.06, 28.12, 19.50, 34.73, 1.69, 94519.27, 6.13, 11.10,5
0.68, -8.13, -1.29, 28.11, 13.50, 34.90, 1.69, 94515.73, 6.13, 11.17,5
3.31, -8.72, 0.22, 28.10, 12.25, 34.09, 1.69, 94521.39, 6.12, 10.81,5
3.26, -8.99, -0.59, 28.10, 5.00, 34.06, 1.69, 94516.80, 6.13, 10.79,5
1.69, -7.67, -1.02, 28.08, 26.25, 34.04, 1.69, 94515.38, 6.13, 10.77,5
-0.91, -10.98, -0.43, 28.10, 19.00, 33.54, 1.69, 94518.68, 6.13, 10.56,5
-1.09, -9.66, -1.04, 28.08, 13.50, 33.69, 1.69, 94520.80, 6.12, 10.61,5
3.53, -8.74, -1.52, 28.09, 7.00, 33.58, 1.69, 94522.45, 6.12, 10.57,5
2.20, -8.73, -2.57, 28.09, 7.50, 34.48, 1.69, 94523.28, 6.12, 10.97,5
-1.27, -6.45, -0.14, 28.07, 11.25, 35.30, 1.69, 94519.95, 6.13, 11.31,5
-0.02, -7.12, -0.66, 28.12, 7.50, 36.02, 1.69, 94516.55, 6.13, 11.66,5
-0.11, -9.31, -1.86, 28.12, 6.75, 36.37, 1.69, 94516.55, 6.13, 11.80,5
2.31, -8.17, -3.51, 28.14, 15.25, 36.72, 1.69, 94520.70, 6.12, 11.97,5
4.15, -9.34, -1.17, 28.15, 18.25, 38.72, 1.69, 94519.64, 6.13, 12.78,5
-0.94, -10.04, -0.99, 28.26, 28.75, 44.84, 1.69, 94523.48, 6.12, 15.15,5
3.33, -7.68, -0.90, 28.21, 16.50, 45.70, 1.69, 94509.78, 6.13, 15.39,5
1.49, -8.12, -4.54, 28.32, 80.50, 46.26, 1.69, 94522.55, 6.12, 15.69,5
-1.31, -9.28, 1.40, 28.35, 22.25, 46.63, 1.69, 94527.56, 6.12, 15.84,5
0.99, -11.67, -4.49, 28.39, 25.50, 46.93, 1.69, 94517.91, 6.13, 15.97,5
3.90, -9.22, -3.59, 28.42, 72.75, 47.05, 1.69, 94510.34, 6.13, 16.04,5
0.34, -8.45, -3.05, 28.48, 30.25, 47.77, 1.69, 94514.88, 6.13, 16.33,5
-1.36, -7.53, 1.78, 28.50, 83.00, 47.98, 1.69, 94518.99, 6.13, 16.42,5
-0.27, -6.40, -1.63, 28.56, 137.00, 47.83, 1.69, 94515.38, 6.13, 16.43,5
2.13, -13.41, -2.62, 28.62, 197.25, 48.14, 1.69, 94510.89, 6.13, 16.58,5
1.14, -6.32, -2.78, 28.67, 333.50, 48.32, 1.69, 94513.73, 6.13, 16.69,5
-0.14, -13.25, -1.43, 28.75, 536.50, 48.50, 1.69, 94516.13, 6.13, 16.82,5
0.93, -6.57, -2.36, 28.81, 769.50, 48.55, 1.69, 94515.20, 6.13, 16.89,5
2.96, -13.14, -3.32, 28.97, 596.00, 48.66, 1.69, 94513.75, 6.13, 17.07,5
2.13, -6.67, -1.75, 29.05, 1768.00, 48.60, 1.69, 94510.66, 6.13, 17.13,5
1.78, -14.44, -2.95, 29.10, 1307.75, 48.61, 1.69, 94518.13, 6.13, 17.18,5
1.21, -7.29, -1.93, 29.15, 790.25, 48.60, 1.69, 94515.53, 6.13, 17.22,5
0.73, -10.04, -3.90, 29.28, 818.25, 48.47, 1.69, 94515.30, 6.13, 17.29,5
5.74, -10.10, -0.95, 29.34, 919.00, 48.27, 1.69, 94522.50, 6.12, 17.28,5
2.05, -7.01, -1.23, 29.41, 827.25, 48.03, 1.69, 94527.00, 6.12, 17.27,5
-0.80, -13.36, -0.96, 29.46, 852.50, 47.78, 1.69, 94521.69, 6.12, 17.23,5
0.15, -7.22, 0.48, 29.53, 1088.50, 47.56, 1.69, 94519.69, 6.13, 17.22,5
0.19, -8.76, -3.07, 31.14, 1280.75, 44.43, 1.69, 94503.33, 6.14, 17.61,5
0.15, -10.52, -3.71, 31.19, 1369.50, 44.22, 1.69, 94525.20, 6.12, 17.58,5
3.10, -11.31, -4.41, 31.25, 1407.50, 44.08, 1.69, 94540.55, 6.11, 17.58,5
1.38, -7.93, -0.60, 31.35, 1457.75, 43.85, 1.69, 94540.76, 6.11, 17.59,5
1.34, -8.65, -2.53, 31.38, 788.75, 43.72, 1.69, 94527.70, 6.12, 17.57,5
0.24, -10.57, -2.72, 31.52, 821.00, 43.56, 1.69, 94510.77, 6.13, 17.64,5
1.69, -9.26, -3.96, 31.56, 554.50, 43.53, 1.69, 94535.59, 6.11, 17.66,5
2.22, -9.34, -3.30, 31.65, 510.50, 43.35, 1.69, 94538.73, 6.11, 17.68,5
1.55, -7.99, -2.89, 31.60, 932.50, 43.20, 1.69, 94536.75, 6.11, 17.58,5
3.12, -10.83, -4.25, 31.73, 802.75, 43.09, 1.69, 94547.33, 6.10, 17.65,5
2.91, -9.22, -2.62, 31.80, 324.75, 42.93, 1.69, 94553.42, 6.09, 17.66,5
2.84, -9.45, -2.32, 31.89, 624.75, 42.90, 1.69, 94556.57, 6.09, 17.72,5
1.66, -9.11, -3.03, 31.95, 362.50, 42.88, 1.69, 94543.84, 6.10, 17.77,5
-1.15, -9.36, -0.59, 32.02, 1013.75, 42.73, 1.69, 94544.47, 6.10, 17.78,5
2.44, -8.90, -3.37, 32.08, 1193.50, 42.53, 1.69, 94559.84, 6.09, 17.76,5
2.60, -9.14, -2.39, 32.12, 999.50, 42.36, 1.69, 94550.08, 6.10, 17.73,5
2.54, -9.53, -2.21, 32.15, 525.25, 42.19, 1.69, 94549.55, 6.10, 17.70,5
1.29, -9.62, -2.22, 32.21, 347.25, 42.24, 1.69, 94548.55, 6.10, 17.77,5
1.90, -8.46, -3.18, 32.28, 636.00, 42.21, 1.69, 94543.71, 6.10, 17.82,5
2.97, -8.88, -2.64, 32.33, 415.25, 42.12, 1.69, 94554.72, 6.09, 17.83,5
3.30, -9.74, -1.21, 32.36, 777.25, 41.93, 1.69, 94548.73, 6.10, 17.78,5
2.69, -8.73, 0.10, 32.42, 773.75, 41.97, 1.69, 94554.30, 6.09, 17.86,5
0.59, -8.95, -2.33, 32.44, 700.50, 41.79, 1.69, 94552.13, 6.10, 17.80,5
2.63, -8.13, -3.09, 32.48, 865.75, 41.64, 1.69, 94548.63, 6.10, 17.78,5
2.26, -8.73, -2.77, 32.52, 906.50, 41.54, 1.69, 94549.77, 6.10, 17.78,5
1.98, -8.50, -2.65, 32.56, 706.00, 41.43, 1.69, 94555.55, 6.09, 17.78,5
-0.02, -9.98, -3.94, 32.62, 792.75, 41.44, 1.69, 94559.16, 6.09, 17.83,5
4.77, -10.56, -2.20, 32.65, 910.50, 41.59, 1.69, 94559.47, 6.09, 17.91,5
0.35, -8.88, -1.48, 32.65, 920.25, 41.68, 1.69, 94548.55, 6.10, 17.95,5
2.11, -8.93, -3.14, 32.72, 917.00, 41.66, 1.69, 94570.21, 6.08, 18.01,5
2.35, -12.38, -4.17, 32.70, 580.25, 41.61, 1.69, 94561.44, 6.09, 17.97,5
1.76, -7.71, -1.84, 32.78, 347.00, 41.40, 1.69, 94580.09, 6.07, 17.96,5
0.05, -7.74, 1.25, 32.82, 415.50, 41.20, 1.69, 94570.31, 6.08, 17.92,5
1.37, -9.87, -2.66, 32.88, 388.75, 41.01, 1.69, 94565.72, 6.08, 17.90,5
-0.42, -8.09, -2.18, 32.92, 958.25, 41.15, 1.69, 94558.69, 6.09, 17.99,5
1.40, -7.85, -2.72, 32.94, 1008.00, 41.24, 1.69, 94562.83, 6.09, 18.04,5
3.22, -12.73, -2.69, 32.96, 1003.50, 40.95, 1.69, 94554.36, 6.09, 17.95,5
1.91, -8.31, -2.09, 32.99, 872.00, 40.81, 1.69, 94553.84, 6.09, 17.92,5
1.40, -7.40, -1.89, 33.02, 793.75, 40.76, 1.69, 94553.34, 6.10, 17.93,5
1.75, -8.76, -2.26, 33.03, 873.75, 40.71, 1.69, 94552.25, 6.10, 17.92,5
2.67, -11.16, -4.82, 33.05, 945.25, 40.62, 1.69, 94552.80, 6.10, 17.90,5
-0.21, -8.99, 0.91, 33.07, 976.00, 40.54, 1.69, 94539.72, 6.11, 17.88,5
0.57, -8.07, -2.67, 33.10, 814.25, 40.60, 1.69, 94544.67, 6.10, 17.94,5
2.49, -13.46, -1.07, 33.10, 797.25, 40.56, 1.69, 94517.34, 6.13, 17.92,5
3.29, -14.76, -2.92, 33.14, 408.25, 40.58, 1.69, 94509.46, 6.13, 17.96,5
3.07, -7.36, -1.25, 33.17, 560.00, 40.64, 1.69, 94509.73, 6.13, 18.01,5
2.39, -8.66, -3.76, 33.20, 921.50, 41.40, 1.69, 94498.30, 6.14, 18.34,5
2.62, -9.36, -2.99, 33.23, 864.25, 41.23, 1.69, 94495.05, 6.15, 18.30,5
0.71, -12.25, -4.70, 33.24, 926.00, 41.30, 1.69, 94488.48, 6.15, 18.33,5
0.71, -9.67, -2.78, 33.28, 835.50, 40.99, 1.69, 94488.80, 6.15, 18.25,5
0.85, -10.80, -3.70, 33.29, 818.50, 40.94, 1.69, 94488.52, 6.15, 18.24,5
0.39, -7.42, -0.34, 33.30, 518.25, 40.57, 1.69, 94506.59, 6.14, 18.10,5
2.73, -9.17, -2.30, 33.31, 1148.50, 40.39, 1.69, 94507.41, 6.14, 18.04,5
2.08, -8.77, -2.94, 33.36, 1593.50, 40.71, 1.69, 94503.89, 6.14, 18.21,5
1.53, -8.15, -2.27, 33.37, 1688.25, 40.40, 1.69, 94505.53, 6.14, 18.10,5
1.85, -9.67, -2.77, 33.39, 453.25, 40.34, 1.69, 94476.00, 6.16, 18.09,5
1.83, -9.83, -3.74, 33.41, 1671.75, 40.19, 1.69, 94501.19, 6.14, 18.05,5
1.02, -10.81, -3.74, 33.42, 2012.25, 40.44, 1.69, 94509.12, 6.13, 18.16,5
0.80, -13.70, -3.39, 33.46, 2006.00, 40.56, 1.69, 94512.19, 6.13, 18.24,5
3.40, -10.41, -2.59, 33.46, 2062.00, 40.28, 1.69, 94507.54, 6.14, 18.13,5
1.45, -8.99, -1.08, 33.47, 2085.75, 40.20, 1.69, 94505.63, 6.14, 18.11,5
-0.10, -8.91, -3.09, 33.49, 2244.00, 40.02, 1.69, 94506.20, 6.14, 18.06,5
1.86, -10.76, -4.16, 33.48, 2136.50, 39.89, 1.69, 94507.30, 6.14, 17.99,5
1.40, -7.30, -2.35, 33.53, 2121.00, 39.79, 1.69, 94510.06, 6.13, 18.00,5
0.84, -10.16, -3.99, 33.55, 2031.00, 39.64, 1.69, 94507.88, 6.14, 17.96,5
-1.53, -9.39, -0.82, 33.54, 2309.75, 39.68, 1.69, 94501.58, 6.14, 17.96,5
0.26, -7.17, -1.84, 33.56, 1745.50, 39.82, 1.69, 94509.55, 6.13, 18.04,5
1.25, -10.44, -4.87, 33.58, 1679.00, 39.79, 1.69, 94501.88, 6.14, 18.04,5
-0.61, -10.13, -2.69, 33.60, 2251.25, 39.85, 1.69, 94510.63, 6.13, 18.08,5
1.98, -7.78, -1.64, 33.61, 2414.75, 39.77, 1.69, 94511.48, 6.13, 18.06,5
0.80, -7.56, -2.76, 33.62, 2428.00, 39.82, 1.69, 94507.66, 6.14, 18.09,5
-0.02, -7.81, -2.70, 33.64, 2177.25, 39.85, 1.69, 94517.23, 6.13, 18.12,5
4.59, -10.64, -6.33, 33.66, 1609.50, 40.10, 1.69, 94515.06, 6.13, 18.24,5
1.81, -10.63, -1.20, 33.64, 1347.25, 39.96, 1.69, 94514.49, 6.13, 18.17,5
2.06, -7.82, -3.60, 33.64, 1089.75, 39.87, 1.69, 94506.28, 6.14, 18.13,5
-1.53, -15.21, -1.60, 33.60, 911.00, 39.70, 1.69, 94496.96, 6.15, 18.03,5
2.74, -10.14, -2.16, 33.63, 942.00, 39.70, 1.69, 94496.44, 6.15, 18.05,5
0.49, -9.46, -4.55, 33.63, 747.25, 39.56, 1.69, 94501.91, 6.14, 18.00,5
2.27, -10.06, -3.23, 33.65, 545.75, 39.56, 1.69, 94501.67, 6.14, 18.01,5
4.62, -9.77, 0.65, 33.67, 468.25, 39.74, 1.69, 94503.03, 6.14, 18.10,5
0.75, -7.24, -1.57, 33.72, 482.25, 39.62, 1.69, 94505.80, 6.14, 18.10,5
2.06, -9.68, -0.11, 33.74, 461.00, 39.62, 1.69, 94505.55, 6.14, 18.12,5
-0.05, -8.94, -1.91, 33.76, 397.25, 40.08, 1.69, 94509.65, 6.13, 18.32,5
1.03, -12.50, -2.97, 33.78, 253.50, 39.80, 1.69, 94510.23, 6.13, 18.23,5
0.56, -9.02, -0.45, 33.79, 134.50, 39.48, 1.69, 94517.34, 6.13, 18.10,5
1.71, -6.68, -2.90, 33.82, 119.00, 39.47, 1.69, 94514.08, 6.13, 18.13,5
0.07, -14.01, -1.84, 33.85, 134.50, 39.23, 1.69, 94515.44, 6.13, 18.06,5
1.19, -10.35, -1.85, 33.84, 110.00, 39.08, 1.69, 94517.36, 6.13, 17.99,5
-0.59, -8.13, 0.49, 33.78, 137.25, 39.07, 1.69, 94515.70, 6.13, 17.93,5
0.38, -8.73, -3.05, 33.74, 52.75, 39.13, 1.69, 94511.84, 6.13, 17.92,5
3.11, -12.63, -2.76, 33.78, 42.00, 38.95, 1.69, 94518.43, 6.13, 17.88,5
2.06, -6.87, -2.73, 33.79, 62.25, 39.02, 1.69, 94516.52, 6.13, 17.92,5
1.14, -7.23, -1.85, 33.79, 43.50, 39.02, 1.69, 94520.07, 6.12, 17.92,5
-0.58, -8.80, 1.90, 33.79, 19.75, 38.94, 1.69, 94509.12, 6.13, 17.89,5
1.25, -7.41, -2.36, 33.79, 52.75, 38.75, 1.69, 94517.34, 6.13, 17.81,5
1.02, -10.04, -0.08, 33.82, 11.50, 38.76, 1.69, 94516.81, 6.13, 17.84,5
1.14, -10.13, -0.63, 33.82, 12.00, 39.23, 1.69, 94514.08, 6.13, 18.03,5
0.92, -10.36, -0.24, 33.84, 13.00, 39.75, 1.69, 94505.59, 6.14, 18.26,5
2.43, -8.21, 0.10, 33.83, 22.25, 39.79, 1.69, 94510.25, 6.13, 18.26,5
3.53, -7.81, -2.55, 33.80, 16.00, 39.44, 1.69, 94507.22, 6.14, 18.10,5
1.33, -11.58, -0.65, 33.76, 47.00, 39.13, 1.69, 94515.13, 6.13, 17.94,5
1.56, -13.34, -4.95, 33.79, 20.50, 39.26, 1.69, 94519.25, 6.13, 18.02,5
2.33, -9.71, -2.81, 33.81, 37.00, 39.59, 1.69, 94512.44, 6.13, 18.17,5
2.92, -10.16, -2.66, 33.81, 12.50, 40.33, 1.69, 94523.38, 6.12, 18.46,5
1.70, -4.22, 2.66, 33.80, 13.75, 39.98, 1.69, 94515.42, 6.13, 18.31,5
2.25, -9.46, -2.35, 33.81, 17.50, 40.55, 1.69, 94512.44, 6.13, 18.55,5
4.00, -11.63, -2.39, 33.84, 15.75, 40.65, 1.69, 94500.95, 6.14, 18.61,5
2.64, -8.22, -0.39, 33.83, 18.00, 40.48, 1.69, 94504.77, 6.14, 18.54,5
2.31, -8.66, -2.81, 33.84, 30.50, 40.09, 1.69, 94495.47, 6.15, 18.40,5
4.88, -12.88, 1.52, 33.83, 20.25, 39.77, 1.69, 94491.09, 6.15, 18.26,5
0.53, -5.00, -1.66, 33.83, 39.75, 40.54, 1.69, 94491.09, 6.15, 18.56,5
1.46, -7.40, -0.37, 33.81, 54.25, 41.26, 1.69, 94481.50, 6.16, 18.83,5
-0.25, -5.28, -0.75, 33.87, 63.00, 41.29, 1.69, 94482.37, 6.16, 18.89,5
1.02, -8.08, -0.88, 33.84, 71.50, 41.22, 1.69, 94476.33, 6.16, 18.84,5
0.90, -9.83, 2.05, 33.83, 15.50, 40.26, 1.69, 94477.42, 6.16, 18.45,5
0.21, -2.88, 0.59, 33.83, 28.00, 39.68, 1.69, 94468.39, 6.17, 18.22,5
-0.24, -13.02, 0.94, 33.83, 18.25, 39.85, 1.69, 94471.12, 6.17, 18.29,5
1.60, -9.94, -0.91, 33.84, 21.25, 40.73, 1.69, 94465.38, 6.17, 18.65,5
3.17, -9.22, -2.18, 33.87, 40.25, 40.58, 1.69, 94465.95, 6.17, 18.61,5
1.48, -6.20, -0.34, 33.84, 35.50, 40.30, 1.69, 94462.64, 6.18, 18.48,5
-0.37, -10.49, 2.42, 33.83, 46.25, 39.62, 1.69, 94458.27, 6.18, 18.20,5
0.69, -7.39, -2.53, 33.86, 80.00, 39.98, 1.69, 94454.19, 6.18, 18.37,5
1.21, -6.09, -0.45, 33.84, 76.25, 39.71, 1.69, 94457.17, 6.18, 18.24,5
0.47, -7.40, -1.15, 33.84, 64.00, 39.54, 1.69, 94454.44, 6.18, 18.17,5
0.98, -8.70, 1.89, 33.80, 20.75, 38.79, 1.69, 94441.56, 6.20, 17.83,5
3.65, -8.80, -3.01, 33.74, 28.50, 39.05, 1.69, 94429.78, 6.21, 17.89,5
1.34, -2.77, 0.78, 33.83, 25.25, 39.41, 1.69, 94439.13, 6.20, 18.11,5
3.00, -11.95, -2.44, 33.84, 32.50, 39.47, 1.69, 94443.49, 6.19, 18.15,5
1.30, -11.74, -3.00, 33.83, 53.00, 39.33, 1.69, 94441.85, 6.20, 18.08,5
0.49, -8.06, -1.28, 33.85, 32.00, 40.57, 1.69, 94436.11, 6.20, 18.59,5
1.00, -14.40, -0.18, 33.84, 52.00, 39.97, 1.69, 94429.81, 6.21, 18.35,5
0.78, -13.94, 3.26, 33.85, 68.50, 40.27, 1.69, 94425.16, 6.21, 18.47,5
3.08, -16.55, -1.16, 33.86, 82.75, 40.18, 1.69, 94425.98, 6.21, 18.45,5
0.40, -8.97, -3.01, 33.78, 95.75, 39.94, 1.69, 94406.27, 6.23, 18.28,5
-0.16, -7.41, 1.41, 33.86, 241.25, 40.51, 1.69, 94421.36, 6.21, 18.58,5
0.10, -7.68, -0.85, 33.86, 424.75, 39.63, 1.69, 94423.25, 6.21, 18.23,5
0.40, -8.14, -1.81, 33.88, 696.75, 39.65, 1.69, 94424.64, 6.21, 18.25,5
0.26, -8.83, -1.36, 33.87, 1196.25, 39.42, 1.69, 94422.18, 6.21, 18.15,5
-0.84, -3.03, 8.34, 33.87, 132.25, 39.50, 1.69, 94428.47, 6.21, 18.19,5
-1.54, -4.60, 7.80, 33.90, 108.25, 39.66, 1.69, 94429.83, 6.21, 18.27,5
-1.74, -7.95, -1.37, 33.91, 852.25, 39.82, 1.69, 94423.29, 6.21, 18.35,5
1.14, -9.13, -1.36, 33.92, 1220.50, 39.78, 1.69, 94420.27, 6.21, 18.34,5
-1.04, -9.24, -0.19, 33.92, 1119.50, 40.11, 1.69, 94420.27, 6.21, 18.47,5
2.46, -8.85, -1.17, 33.93, 1185.00, 40.00, 1.69, 94421.92, 6.21, 18.44,5
1.48, -9.58, -0.03, 33.95, 1141.00, 39.97, 1.69, 94421.67, 6.21, 18.44,5
1.95, -9.68, 0.51, 33.96, 1206.50, 41.62, 1.69, 94426.04, 6.21, 19.10,5
1.68, -9.09, 0.30, 33.88, 1077.25, 40.57, 1.69, 94412.88, 6.22, 18.62,5
1.95, -9.34, 0.21, 33.99, 1176.50, 40.10, 1.69, 94425.55, 6.21, 18.53,5
1.25, -9.84, 0.07, 34.01, 1209.25, 40.12, 1.69, 94428.83, 6.21, 18.56,5
1.77, -9.49, -0.33, 34.01, 1240.50, 40.55, 1.69, 94429.64, 6.21, 18.73,5
1.79, -9.93, 0.24, 34.04, 1115.25, 41.14, 1.69, 94428.30, 6.21, 18.99,5
1.32, -9.51, 0.76, 34.03, 856.00, 41.70, 1.69, 94421.19, 6.21, 19.19,5
1.59, -9.45, 0.69, 34.06, 857.50, 42.38, 1.69, 94426.09, 6.21, 19.48,5
1.32, -9.61, -0.17, 34.07, 892.50, 41.14, 1.69, 94427.77, 6.21, 19.01,5
1.38, -9.67, 0.16, 34.08, 900.50, 40.66, 1.69, 94423.94, 6.21, 18.83,5
1.58, -9.45, 0.38, 34.09, 868.25, 41.18, 1.69, 94422.84, 6.21, 19.05,5
1.19, -9.64, -0.22, 34.08, 888.25, 40.37, 1.69, 94424.75, 6.21, 18.72,5
1.39, -9.65, 0.20, 34.08, 878.50, 40.59, 1.69, 94412.98, 6.22, 18.81,5
1.38, -9.66, 0.05, 34.11, 896.50, 40.84, 1.69, 94417.91, 6.22, 18.93,5
1.29, -9.67, 0.00, 34.14, 878.50, 41.24, 1.69, 94428.32, 6.21, 19.11,5
1.45, -9.67, -0.51, 34.16, 876.00, 41.49, 1.69, 94420.68, 6.21, 19.23,5
1.47, -9.75, 0.00, 34.17, 867.00, 40.96, 1.69, 94425.05, 6.21, 19.03,5
2.95, -9.74, 0.04, 34.16, 622.75, 39.87, 1.69, 94420.68, 6.21, 18.59,5
1.98, -10.26, -0.31, 34.18, 831.75, 39.81, 1.69, 94423.13, 6.21, 18.58,5
1.79, -9.58, 0.34, 34.19, 862.00, 39.57, 1.69, 94414.64, 6.22, 18.50,5
1.71, -9.54, 0.67, 34.21, 862.00, 39.65, 1.69, 94423.42, 6.21, 18.55,5
1.72, -9.60, -0.10, 34.21, 880.00, 39.65, 1.69, 94426.16, 6.21, 18.55,5
1.69, -9.66, 0.29, 34.24, 876.00, 39.92, 1.69, 94417.42, 6.22, 18.68,5
1.72, -9.50, 0.13, 34.27, 868.00, 39.49, 1.69, 94426.98, 6.21, 18.53,5
1.65, -9.64, 0.15, 34.28, 880.50, 39.65, 1.69, 94413.05, 6.22, 18.61,5
1.83, -9.64, 0.35, 34.28, 861.25, 39.50, 1.69, 94415.79, 6.22, 18.55,5
1.46, -9.63, 0.11, 34.30, 875.75, 39.95, 1.69, 94421.80, 6.21, 18.75,5
1.64, -9.68, 0.45, 34.31, 857.50, 40.21, 1.69, 94420.70, 6.21, 18.86,5
1.66, -9.81, 0.52, 34.32, 858.75, 40.42, 1.69, 94427.84, 6.21, 18.95,5
1.85, -9.65, -0.15, 34.31, 848.25, 40.19, 1.69, 94423.44, 6.21, 18.85,5
1.76, -9.56, 0.40, 34.33, 848.00, 40.23, 1.69, 94421.27, 6.21, 18.89,5
1.64, -9.39, 0.25, 34.37, 873.00, 40.03, 1.69, 94426.19, 6.21, 18.84,5
1.86, -9.58, 0.27, 34.38, 842.75, 40.05, 1.69, 94422.37, 6.21, 18.86,5
1.63, -9.55, 0.00, 34.39, 871.75, 39.69, 1.69, 94424.83, 6.21, 18.72,5
1.77, -9.71, 0.54, 34.39, 842.75, 39.63, 1.69, 94424.83, 6.21, 18.70,5
1.86, -9.64, -0.18, 34.41, 858.50, 39.69, 1.69, 94424.55, 6.21, 18.74,5
1.85, -9.55, 0.32, 34.45, 844.25, 39.77, 1.69, 94422.91, 6.21, 18.81,5
1.80, -9.75, 0.16, 34.43, 839.75, 39.48, 1.69, 94414.16, 6.22, 18.67,5
2.08, -9.34, 0.27, 34.46, 763.50, 39.39, 1.69, 94419.11, 6.22, 18.66,5
1.63, -9.54, 0.40, 34.48, 835.50, 39.62, 1.69, 94419.67, 6.22, 18.77,5
1.60, -9.62, -0.14, 34.50, 850.25, 39.13, 1.69, 94420.24, 6.21, 18.59,5
1.60, -9.48, -0.01, 34.52, 846.25, 39.22, 1.69, 94423.52, 6.21, 18.65,5
1.66, -9.66, 0.01, 34.51, 859.25, 38.83, 1.69, 94430.09, 6.21, 18.48,5
1.56, -9.64, 0.57, 34.52, 833.75, 39.35, 1.69, 94424.34, 6.21, 18.70,5
1.51, -9.65, 0.69, 34.53, 838.75, 38.88, 1.69, 94425.16, 6.21, 18.52,5
1.74, -9.67, 0.34, 34.54, 845.50, 39.06, 1.69, 94426.83, 6.21, 18.60,5
1.61, -9.58, -0.18, 34.57, 849.75, 38.80, 1.69, 94420.78, 6.21, 18.52,5
1.56, -9.61, 0.36, 34.59, 845.00, 39.26, 1.69, 94429.56, 6.21, 18.73,5
1.62, -9.60, 0.10, 34.60, 829.25, 38.64, 1.69, 94424.91, 6.21, 18.48,5
1.36, -9.55, 0.68, 34.60, 837.50, 38.67, 1.69, 94436.68, 6.20, 18.49,5
1.33, -9.63, 0.83, 34.62, 847.50, 38.61, 1.69, 94429.00, 6.21, 18.49,5
1.30, -9.63, 0.63, 34.56, 841.00, 39.86, 1.69, 94413.67, 6.22, 18.94,5
1.58, -9.67, 0.55, 34.67, 820.00, 39.37, 1.69, 94426.29, 6.21, 18.84,5
1.29, -9.56, 0.08, 34.67, 833.00, 39.19, 1.69, 94429.03, 6.21, 18.77,5
1.37, -9.65, 0.20, 34.68, 811.25, 39.29, 1.69, 94419.71, 6.22, 18.82,5
1.36, -9.67, -0.11, 34.71, 826.00, 39.31, 1.69, 94429.31, 6.21, 18.85,5
1.28, -9.64, 0.55, 34.67, 824.75, 39.56, 1.69, 94419.99, 6.22, 18.92,5
1.26, -9.69, 0.23, 34.70, 817.00, 39.18, 1.69, 94422.98, 6.21, 18.79,5
1.40, -9.67, 0.50, 34.72, 812.75, 39.40, 1.69, 94430.95, 6.21, 18.90,5
1.18, -9.66, 0.25, 34.66, 830.75, 39.09, 1.69, 94413.66, 6.22, 18.72,5
1.36, -9.64, 0.00, 34.73, 813.25, 39.25, 1.69, 94418.89, 6.22, 18.85,5
1.47, -9.66, -0.29, 34.73, 811.50, 39.03, 1.69, 94427.92, 6.21, 18.76,5
1.64, -9.71, 0.41, 34.77, 826.50, 38.96, 1.69, 94425.47, 6.21, 18.77,5
1.31, -9.75, 0.33, 34.77, 826.00, 38.99, 1.69, 94426.28, 6.21, 18.78,5
0.95, -9.82, 1.18, 34.79, 790.50, 39.77, 1.69, 94426.86, 6.21, 19.11,5
1.06, -9.31, 1.93, 34.81, 721.50, 39.36, 1.69, 94430.13, 6.21, 18.96,5
0.68, -9.30, 2.24, 34.85, 717.50, 39.47, 1.69, 94424.11, 6.21, 19.05,5
0.75, -9.43, 1.88, 34.85, 708.50, 39.48, 1.69, 94424.93, 6.21, 19.05,5
0.71, -9.45, 2.00, 34.84, 702.75, 39.50, 1.69, 94416.99, 6.22, 19.05,5
0.76, -9.46, 2.31, 34.84, 705.75, 39.37, 1.69, 94419.73, 6.22, 18.99,5
0.62, -9.30, 2.83, 34.85, 706.25, 38.90, 1.69, 94427.67, 6.21, 18.81,5
0.89, -9.28, 2.83, 34.85, 709.50, 38.99, 1.69, 94433.15, 6.20, 18.85,5
0.80, -9.37, 1.93, 34.84, 698.50, 38.55, 1.69, 94425.22, 6.21, 18.66,5
0.87, -9.31, 2.50, 34.86, 704.00, 39.21, 1.69, 94423.00, 6.21, 18.95,5
0.72, -9.44, 1.92, 34.87, 694.50, 39.34, 1.69, 94424.64, 6.21, 19.01,5
1.59, -9.65, 0.29, 34.88, 770.25, 39.88, 1.69, 94421.65, 6.21, 19.24,5
3.37, -9.04, -1.46, 34.90, 693.00, 39.22, 1.69, 94426.84, 6.21, 18.99,5
1.85, -9.32, 0.92, 34.89, 752.50, 39.26, 1.69, 94431.51, 6.20, 18.99,5
1.18, -11.33, 1.48, 34.89, 762.00, 38.82, 1.69, 94433.43, 6.20, 18.81,5
2.39, -9.45, 1.25, 34.91, 760.50, 38.88, 1.69, 94431.22, 6.20, 18.86,5
1.26, -9.39, 1.12, 34.89, 748.75, 38.87, 1.69, 94439.73, 6.20, 18.83,5
2.30, -9.60, 2.30, 34.93, 727.75, 38.71, 1.69, 94434.53, 6.20, 18.80,5
1.20, -9.47, 1.47, 34.93, 766.75, 39.29, 1.69, 94434.53, 6.20, 19.04,5
1.29, -9.45, 0.74, 34.94, 785.75, 39.99, 1.69, 94430.69, 6.21, 19.33,5
1.48, -9.51, 0.84, 34.94, 762.00, 40.01, 1.69, 94442.47, 6.19, 19.34,5
1.89, -9.53, 1.47, 34.96, 750.75, 39.20, 1.69, 94428.48, 6.21, 19.03,5
1.57, -9.73, 0.75, 34.94, 760.50, 38.57, 1.69, 94436.16, 6.20, 18.75,5
1.40, -9.57, 1.25, 34.94, 770.50, 38.14, 1.69, 94434.24, 6.20, 18.58,5
1.47, -9.51, 1.09, 34.97, 762.00, 38.96, 1.69, 94435.63, 6.20, 18.94,5
1.53, -9.62, 1.44, 35.00, 758.75, 39.12, 1.69, 94438.67, 6.20, 19.03,5
1.71, -9.60, 0.89, 35.00, 756.00, 39.59, 1.69, 94435.94, 6.20, 19.23,5
1.53, -9.52, 1.06, 34.99, 763.00, 39.18, 1.69, 94434.27, 6.20, 19.05,5
1.72, -9.63, 0.54, 35.02, 756.50, 38.23, 1.69, 94433.73, 6.20, 18.69,5
1.71, -9.47, 0.78, 35.03, 747.50, 38.16, 1.69, 94429.06, 6.21, 18.66,5
1.48, -9.59, 0.77, 35.04, 773.75, 39.00, 1.69, 94428.78, 6.21, 19.02,5
1.57, -9.64, 0.69, 35.05, 761.00, 39.14, 1.69, 94427.70, 6.21, 19.09,5
1.88, -9.39, 1.31, 35.06, 705.50, 39.65, 1.69, 94428.52, 6.21, 19.30,5
2.08, -9.50, 0.63, 35.08, 724.50, 39.24, 1.69, 94426.31, 6.21, 19.15,5
1.93, -9.49, 0.41, 35.11, 738.25, 39.29, 1.69, 94434.00, 6.20, 19.20,5
1.77, -9.53, 1.13, 35.11, 719.50, 39.02, 1.69, 94428.52, 6.21, 19.09,5
1.90, -9.52, 0.80, 35.15, 728.00, 38.29, 1.69, 94432.36, 6.20, 18.83,5
1.88, -9.52, 1.01, 35.16, 718.50, 39.25, 1.69, 94438.66, 6.20, 19.23,5
1.56, -9.56, 0.59, 35.17, 724.50, 39.03, 1.69, 94435.63, 6.20, 19.15,5
1.91, -9.57, 0.90, 35.19, 720.00, 39.18, 1.69, 94430.70, 6.21, 19.23,5
1.79, -9.55, 1.03, 35.19, 731.50, 38.90, 1.69, 94438.93, 6.20, 19.11,5
1.80, -9.59, 0.81, 35.18, 725.50, 38.82, 1.69, 94434.55, 6.20, 19.07,5
1.57, -9.63, 0.80, 35.22, 720.50, 38.99, 1.69, 94426.61, 6.21, 19.18,5
1.68, -9.59, 0.24, 35.22, 724.00, 39.66, 1.69, 94435.65, 6.20, 19.45,5
1.55, -9.55, 0.34, 35.23, 728.25, 40.58, 1.69, 94429.06, 6.21, 19.83,5
0.87, -9.79, 0.25, 35.23, 730.75, 39.51, 1.69, 94437.28, 6.20, 19.40,5
0.73, -9.72, 1.01, 35.23, 741.75, 39.66, 1.69, 94433.73, 6.20, 19.46,5
1.76, -9.54, 0.67, 35.23, 722.75, 38.75, 1.69, 94429.06, 6.21, 19.09,5
1.47, -9.62, 1.03, 35.23, 710.50, 38.04, 1.69, 94423.58, 6.21, 18.79,5
1.33, -9.67, 0.60, 35.22, 718.25, 38.51, 1.69, 94430.16, 6.21, 18.98,5
1.70, -9.61, 0.93, 35.24, 720.50, 38.20, 1.69, 94438.10, 6.20, 18.87,5
1.37, -9.57, 0.87, 35.25, 726.75, 37.98, 1.69, 94426.84, 6.21, 18.78,5
1.55, -9.60, 0.67, 35.28, 718.25, 37.95, 1.69, 94437.27, 6.20, 18.80,5
1.39, -9.68, 0.93, 35.26, 729.50, 37.59, 1.69, 94417.55, 6.22, 18.63,5
1.67, -9.61, 1.04, 35.30, 716.00, 37.95, 1.69, 94428.76, 6.21, 18.81,5
1.42, -9.61, 0.84, 35.31, 716.25, 38.14, 1.69, 94425.76, 6.21, 18.91,5
1.49, -9.60, 0.96, 35.34, 714.75, 38.70, 1.69, 94434.52, 6.20, 19.16,5
1.48, -9.75, 0.52, 35.31, 710.75, 39.00, 1.69, 94438.66, 6.20, 19.26,5
1.93, -9.60, 0.37, 35.33, 904.25, 39.10, 1.69, 94430.14, 6.21, 19.32,5
1.48, -9.65, -0.42, 35.35, 924.00, 39.37, 1.69, 94433.44, 6.20, 19.45,5
1.46, -9.62, -0.05, 35.36, 911.25, 39.38, 1.69, 94429.59, 6.21, 19.46,5
1.37, -9.48, 0.07, 35.36, 912.50, 38.71, 1.69, 94432.34, 6.20, 19.19,5
1.35, -9.72, 0.27, 35.38, 919.25, 38.11, 1.69, 94432.87, 6.20, 18.95,5
1.50, -9.54, 0.06, 35.38, 901.00, 38.42, 1.69, 94427.38, 6.21, 19.08,5
1.47, -9.72, 0.42, 35.40, 896.25, 39.56, 1.69, 94430.69, 6.21, 19.57,5
1.69, -9.62, 0.38, 35.43, 902.75, 39.99, 1.69, 94427.37, 6.21, 19.77,5
1.37, -9.45, -0.15, 35.42, 901.25, 40.71, 1.69, 94432.03, 6.20, 20.05,5
1.35, -9.67, -0.22, 35.43, 905.50, 40.80, 1.69, 94421.88, 6.21, 20.09,5
1.51, -9.64, 0.55, 35.43, 906.75, 40.53, 1.69, 94428.22, 6.21, 19.99,5
1.63, -9.62, 0.30, 35.46, 891.25, 40.00, 1.69, 94426.83, 6.21, 19.80,5
1.43, -9.54, 0.61, 35.46, 887.75, 39.64, 1.69, 94426.83, 6.21, 19.66,5
1.39, -9.55, 0.52, 35.44, 880.25, 40.04, 1.69, 94424.37, 6.21, 19.80,5
1.51, -9.58, 0.38, 35.45, 902.50, 40.18, 1.69, 94416.95, 6.22, 19.87,5
1.65, -9.60, 0.65, 35.50, 891.00, 40.33, 1.69, 94422.45, 6.21, 19.97,5
1.61, -9.64, 0.11, 35.51, 879.75, 40.23, 1.69, 94424.09, 6.21, 19.94,5
1.47, -9.66, 0.55, 35.49, 863.50, 39.23, 1.69, 94416.16, 6.22, 19.52,5
1.32, -9.62, 0.30, 35.53, 876.00, 39.30, 1.69, 94421.91, 6.21, 19.58,5
1.40, -9.62, 0.30, 35.55, 878.00, 38.89, 1.69, 94425.19, 6.21, 19.43,5
1.40, -9.62, -0.18, 35.57, 879.50, 39.05, 1.69, 94423.00, 6.21, 19.51,5
1.61, -9.68, 0.20, 35.58, 860.25, 39.55, 1.69, 94430.13, 6.21, 19.72,5
1.25, -9.63, 0.24, 35.46, 883.00, 39.38, 1.69, 94407.63, 6.23, 19.55,5
1.70, -9.72, 0.26, 35.56, 860.00, 38.97, 1.69, 94429.59, 6.21, 19.47,5
1.44, -9.65, 0.25, 35.57, 866.75, 37.98, 1.69, 94424.92, 6.21, 19.07,5
1.57, -9.67, 0.27, 35.56, 862.75, 37.55, 1.69, 94432.34, 6.20, 18.87,5
1.60, -9.76, 0.44, 35.56, 877.25, 37.47, 1.69, 94424.11, 6.21, 18.84,5
1.50, -9.61, 0.47, 35.60, 867.50, 38.15, 1.69, 94424.34, 6.21, 19.16,5
1.52, -9.65, 0.19, 35.60, 871.25, 38.31, 1.69, 94416.97, 6.22, 19.23,5
1.53, -9.60, -0.03, 35.55, 858.50, 37.81, 1.69, 94417.77, 6.22, 18.98,5
1.55, -9.59, 0.65, 35.59, 871.75, 38.07, 1.69, 94420.78, 6.21, 19.12,5
1.49, -9.63, 0.22, 35.63, 862.25, 39.09, 1.69, 94419.13, 6.22, 19.58,5
1.48, -9.54, 0.25, 35.66, 848.50, 39.76, 1.69, 94424.06, 6.21, 19.88,5
1.64, -9.60, 0.39, 35.66, 847.50, 39.42, 1.69, 94421.33, 6.21, 19.74,5
1.47, -9.61, 0.23, 35.65, 845.00, 38.77, 1.69, 94425.17, 6.21, 19.47,5
1.55, -9.64, 0.24, 35.65, 846.75, 39.12, 1.69, 94422.44, 6.21, 19.61,5
1.68, -9.70, 0.35, 35.64, 847.00, 38.77, 1.69, 94419.95, 6.22, 19.46,5
1.59, -9.63, 0.06, 35.64, 843.50, 39.00, 1.69, 94419.95, 6.22, 19.55,5
1.44, -9.59, 0.31, 35.65, 836.25, 39.01, 1.69, 94419.69, 6.22, 19.57,5
1.53, -9.60, 0.17, 35.67, 838.00, 39.03, 1.69, 94422.96, 6.21, 19.59,5
1.77, -9.64, -0.01, 35.61, 864.50, 38.87, 1.69, 94413.11, 6.22, 19.47,5
1.32, -9.60, 0.30, 35.72, 840.50, 39.17, 1.69, 94425.69, 6.21, 19.69,5
1.39, -9.64, 0.52, 35.70, 827.25, 39.06, 1.69, 94430.64, 6.21, 19.63,5
1.57, -9.61, 0.35, 35.68, 824.25, 39.05, 1.69, 94430.08, 6.21, 19.61,5
1.45, -9.50, -0.01, 35.67, 857.25, 38.44, 1.69, 94428.45, 6.21, 19.35,5
1.43, -9.61, 0.40, 35.63, 823.00, 38.72, 1.69, 94410.90, 6.22, 19.43,5
1.80, -9.52, 0.34, 35.70, 829.50, 39.60, 1.69, 94427.90, 6.21, 19.85,5
1.55, -9.76, 0.58, 35.70, 834.75, 39.11, 1.69, 94427.08, 6.21, 19.65,5
1.42, -9.66, 0.44, 35.75, 830.50, 38.49, 1.69, 94425.13, 6.21, 19.44,5
1.48, -9.66, 0.55, 35.76, 819.00, 38.51, 1.69, 94431.44, 6.20, 19.46,5
1.53, -9.57, 0.39, 35.76, 819.00, 38.46, 1.69, 94435.00, 6.20, 19.44,5
1.41, -9.56, 0.44, 35.79, 818.75, 38.18, 1.69, 94426.22, 6.21, 19.35,5
2.03, -9.58, 0.52, 35.81, 834.50, 38.05, 1.69, 94425.92, 6.21, 19.31,5
1.11, -9.00, 3.34, 35.83, 702.50, 38.19, 1.69, 94431.97, 6.20, 19.38,5
2.17, -9.52, -0.47, 35.80, 791.25, 38.18, 1.69, 94422.36, 6.21, 19.36,5
1.77, -9.25, 1.59, 35.76, 475.00, 38.23, 1.69, 94421.28, 6.21, 19.34,5
1.83, -9.48, 1.57, 35.79, 598.25, 38.59, 1.69, 94420.73, 6.21, 19.52,5
2.05, -9.55, 1.87, 35.82, 580.50, 38.59, 1.69, 94424.03, 6.21, 19.54,5
2.05, -9.33, 1.92, 35.85, 605.00, 38.93, 1.69, 94426.20, 6.21, 19.71,5
1.86, -9.38, 0.69, 35.83, 650.00, 38.84, 1.69, 94426.48, 6.21, 19.65,5
1.92, -9.55, 1.02, 35.85, 599.75, 39.02, 1.69, 94424.27, 6.21, 19.75,5
1.96, -9.44, 1.19, 35.87, 598.75, 39.08, 1.69, 94427.57, 6.21, 19.79,5
2.08, -9.63, 0.89, 35.88, 615.25, 39.01, 1.69, 94425.64, 6.21, 19.77,5
1.79, -9.71, 0.52, 35.87, 550.75, 39.46, 1.69, 94430.31, 6.21, 19.95,5
1.36, -9.73, 0.52, 35.91, 726.75, 38.66, 1.69, 94425.09, 6.21, 19.65,5
1.38, -9.83, 1.49, 35.90, 594.50, 38.37, 1.69, 94428.95, 6.21, 19.52,5
1.58, -9.54, 0.92, 35.90, 600.00, 37.73, 1.69, 94431.69, 6.20, 19.25,5
1.52, -9.61, 0.93, 35.93, 609.75, 39.00, 1.69, 94433.85, 6.20, 19.81,5
1.69, -9.45, 1.15, 35.95, 602.25, 39.77, 1.69, 94439.90, 6.20, 20.15,5
1.50, -9.59, 0.59, 35.95, 607.50, 40.19, 1.69, 94428.92, 6.21, 20.31,5
1.34, -9.54, 1.11, 35.96, 630.00, 39.69, 1.69, 94433.30, 6.20, 20.12,5
1.25, -9.61, 1.02, 35.96, 615.00, 38.21, 1.69, 94431.41, 6.20, 19.51,5
1.42, -9.38, 1.14, 35.97, 597.50, 37.60, 1.69, 94432.22, 6.20, 19.26,5
1.62, -9.53, 1.62, 35.97, 605.00, 38.44, 1.69, 94433.04, 6.20, 19.61,5
1.45, -9.56, 0.94, 35.99, 604.50, 38.08, 1.69, 94435.52, 6.20, 19.48,5
1.36, -9.71, 1.44, 36.02, 597.00, 37.61, 1.69, 94433.05, 6.20, 19.30,5
1.39, -9.63, 1.36, 36.06, 616.00, 38.71, 1.69, 94436.02, 6.20, 19.81,5
2.24, -9.44, 0.73, 36.04, 575.00, 39.08, 1.69, 94432.75, 6.20, 19.94,5
1.45, -9.66, 0.79, 36.06, 607.25, 39.79, 1.69, 94427.78, 6.21, 20.25,5
1.63, -9.48, 0.39, 36.08, 605.75, 40.26, 1.69, 94438.51, 6.20, 20.46,5
1.72, -9.61, 1.27, 36.10, 574.25, 40.53, 1.69, 94428.87, 6.21, 20.58,5
1.65, -9.75, 0.83, 36.02, 584.50, 40.32, 1.69, 94418.47, 6.22, 20.43,5
1.49, -9.63, 1.01, 36.13, 594.75, 40.14, 1.69, 94425.57, 6.21, 20.46,5
1.38, -9.65, 0.60, 36.12, 590.00, 39.38, 1.69, 94429.42, 6.21, 20.14,4
1.39, -9.51, 0.53, 36.15, 580.25, 38.13, 1.69, 94431.62, 6.20, 19.64,4
1.13, -9.51, 1.14, 36.18, 594.50, 38.83, 1.69, 94431.03, 6.21, 19.96,4
0.89, -9.39, 1.82, 36.18, 583.50, 40.21, 1.69, 94428.28, 6.21, 20.53,4
1.21, -9.35, 1.86, 36.21, 569.75, 41.27, 1.69, 94432.41, 6.20, 20.98,4
1.06, -9.51, 1.43, 36.21, 570.25, 40.62, 1.69, 94426.91, 6.21, 20.72,4
1.05, -9.30, 1.61, 36.21, 578.75, 39.42, 1.69, 94433.22, 6.20, 20.23,4
1.00, -9.45, 2.16, 36.18, 575.00, 39.07, 1.69, 94424.72, 6.21, 20.06,4
0.77, -9.28, 2.98, 36.18, 552.00, 38.53, 1.69, 94432.95, 6.20, 19.84,4
1.69, -9.50, 0.78, 36.19, 587.75, 38.00, 1.69, 94427.17, 6.21, 19.62,4
1.82, -9.44, 1.31, 36.20, 564.50, 38.73, 1.69, 94426.09, 6.21, 19.94,4
1.86, -9.67, 0.90, 36.20, 590.00, 37.34, 1.69, 94419.78, 6.22, 19.35,4
1.81, -9.54, 1.24, 36.19, 582.50, 37.08, 1.69, 94418.94, 6.22, 19.23,4
1.60, -9.61, 0.66, 36.23, 585.75, 37.57, 1.69, 94431.00, 6.21, 19.48,4
1.61, -9.54, 0.57, 36.20, 600.50, 37.40, 1.69, 94415.11, 6.22, 19.38,4
1.63, -9.52, 1.02, 36.21, 576.50, 37.19, 1.69, 94422.23, 6.21, 19.29,4
1.58, -9.60, 1.08, 36.19, 576.25, 36.78, 1.69, 94418.94, 6.22, 19.10,4
1.71, -9.62, 1.03, 36.18, 574.75, 36.40, 1.69, 94419.23, 6.22, 18.92,4
1.71, -9.65, 0.75, 36.21, 583.25, 37.32, 1.69, 94424.98, 6.21, 19.35,4
1.81, -9.53, 0.82, 36.23, 568.75, 37.67, 1.69, 94425.50, 6.21, 19.52,4
1.74, -9.65, 0.86, 36.24, 572.25, 37.28, 1.69, 94424.42, 6.21, 19.36,4
1.73, -9.42, 1.29, 36.21, 563.25, 36.73, 1.69, 94422.23, 6.21, 19.10,4
1.69, -9.53, 0.88, 36.21, 578.75, 36.50, 1.69, 94432.41, 6.20, 18.99,4
1.70, -9.56, 1.10, 36.25, 558.25, 37.17, 1.69, 94428.80, 6.21, 19.32,4
1.93, -9.60, 1.48, 36.25, 563.00, 37.26, 1.69, 94428.80, 6.21, 19.36,4
1.61, -9.57, 0.78, 36.27, 568.75, 37.52, 1.69, 94429.33, 6.21, 19.49,4
1.75, -9.46, 1.32, 36.26, 554.00, 37.88, 1.69, 94422.20, 6.21, 19.63,4
1.74, -9.59, 0.59, 36.26, 563.25, 38.28, 1.69, 94424.95, 6.21, 19.81,4
1.58, -9.62, 0.57, 36.28, 561.50, 38.37, 1.69, 94427.43, 6.21, 19.86,4
1.81, -9.45, 1.37, 36.27, 556.25, 38.56, 1.69, 94423.02, 6.21, 19.93,4
1.57, -9.53, 1.15, 36.28, 557.00, 38.30, 1.69, 94428.25, 6.21, 19.83,4
1.20, -9.30, 0.96, 36.30, 533.25, 38.80, 1.69, 94427.95, 6.21, 20.06,4
1.83, -9.45, 0.72, 36.33, 546.00, 38.86, 1.69, 94429.33, 6.21, 20.11,4
1.71, -9.65, 0.97, 36.30, 551.75, 38.47, 1.69, 94431.52, 6.20, 19.92,4
1.76, -9.56, 1.03, 36.34, 536.75, 39.09, 1.69, 94430.97, 6.21, 20.21,4
1.73, -9.62, 0.69, 36.37, 550.50, 38.66, 1.69, 94427.66, 6.21, 20.06,4
1.84, -9.53, 0.78, 36.25, 537.00, 38.29, 1.69, 94412.33, 6.22, 19.80,4
1.62, -9.54, 0.87, 36.37, 546.75, 40.35, 1.69, 94430.41, 6.21, 20.75,4
1.18, -9.42, 1.40, 36.37, 538.50, 39.30, 1.69, 94430.41, 6.21, 20.33,4
0.01, -8.93, 3.37, 36.37, 471.00, 38.83, 1.69, 94433.16, 6.20, 20.13,4
0.56, -8.88, 3.70, 36.36, 429.25, 37.80, 1.69, 94431.48, 6.20, 19.69,4
0.55, -9.37, 1.88, 36.37, 507.50, 37.68, 1.69, 94430.41, 6.21, 19.65,4
0.80, -9.36, 2.16, 36.41, 527.00, 37.54, 1.69, 94425.98, 6.21, 19.62,4
0.80, -9.70, 1.33, 36.40, 549.00, 38.87, 1.69, 94427.07, 6.21, 20.18,4
0.81, -9.47, 1.41, 36.42, 530.25, 38.11, 1.69, 94433.12, 6.20, 19.87,4
0.96, -9.45, 1.71, 36.40, 536.25, 37.53, 1.69, 94419.64, 6.22, 19.61,4
0.81, -9.41, 1.58, 36.42, 535.25, 37.86, 1.69, 94424.88, 6.21, 19.77,4
0.80, -9.61, 1.10, 36.42, 549.50, 37.73, 1.69, 94422.13, 6.21, 19.71,4
0.91, -9.21, 1.60, 36.46, 528.75, 37.64, 1.69, 94428.73, 6.21, 19.71,4
0.98, -9.50, 1.01, 36.44, 543.50, 37.14, 1.69, 94430.89, 6.21, 19.48,4
1.10, -9.55, 1.18, 36.45, 538.25, 37.17, 1.69, 94427.06, 6.21, 19.50,4
0.99, -9.40, 1.32, 36.47, 535.25, 37.88, 1.69, 94419.38, 6.22, 19.82,4
1.02, -9.45, 1.32, 36.48, 535.50, 37.20, 1.69, 94423.76, 6.21, 19.54,4
1.05, -9.43, 1.67, 36.50, 522.00, 37.85, 1.69, 94424.31, 6.21, 19.83,4
0.80, -9.47, 1.73, 36.50, 539.00, 38.23, 1.69, 94418.82, 6.22, 20.00,4
0.72, -9.46, 1.95, 36.53, 522.50, 38.33, 1.69, 94423.72, 6.21, 20.06,4
0.80, -9.56, 1.76, 36.52, 528.25, 38.05, 1.69, 94422.09, 6.21, 19.94,4
1.34, -9.44, 0.89, 36.53, 507.00, 37.40, 1.69, 94426.47, 6.21, 19.67,4
1.26, -9.67, 0.77, 36.52, 516.75, 37.69, 1.69, 94422.91, 6.21, 19.78,5
0.85, -9.63, 1.13, 36.54, 513.00, 39.27, 1.69, 94414.40, 6.22, 20.46,5
0.72, -9.67, 0.80, 36.56, 497.75, 37.96, 1.69, 94420.41, 6.21, 19.93,5
1.68, -9.66, 0.05, 36.52, 473.00, 36.96, 1.69, 94427.58, 6.21, 19.47,5
1.98, -9.53, 1.18, 36.48, 496.75, 36.63, 1.69, 94421.83, 6.21, 19.29,5
1.55, -9.65, 0.25, 36.51, 496.50, 36.80, 1.69, 94426.77, 6.21, 19.39,5
1.31, -8.87, 0.34, 36.52, 463.25, 37.37, 1.69, 94420.16, 6.21, 19.64,5
2.12, -9.09, 2.67, 36.49, 468.75, 36.56, 1.69, 94423.50, 6.21, 19.27,5
2.81, -9.19, 2.40, 36.53, 441.75, 36.86, 1.69, 94429.22, 6.21, 19.43,5
2.41, -8.98, 2.62, 36.54, 479.75, 37.33, 1.69, 94425.39, 6.21, 19.64,5
2.51, -9.01, 2.65, 36.53, 468.50, 36.76, 1.69, 94419.08, 6.22, 19.39,5
2.58, -8.83, 2.63, 36.53, 445.75, 37.04, 1.69, 94423.72, 6.21, 19.51,5
2.70, -8.84, 2.68, 36.51, 461.50, 37.05, 1.69, 94417.70, 6.22, 19.50,5
2.67, -9.10, 2.31, 36.52, 468.25, 37.71, 1.69, 94422.09, 6.21, 19.79,5
2.58, -8.92, 2.43, 36.52, 458.75, 37.09, 1.69, 94422.91, 6.21, 19.52,5
2.61, -8.99, 3.11, 36.52, 457.75, 37.43, 1.69, 94425.66, 6.21, 19.67,5
2.54, -8.93, 2.62, 36.54, 460.50, 37.43, 1.69, 94430.88, 6.21, 19.69,5
2.85, -9.15, 2.11, 36.53, 476.00, 36.99, 1.69, 94423.72, 6.21, 19.49,5
3.01, -9.21, 1.92, 36.56, 476.00, 36.71, 1.69, 94425.91, 6.21, 19.39,5
3.03, -8.84, 3.47, 36.58, 420.25, 36.67, 1.69, 94422.89, 6.21, 19.39,5
4.11, -7.49, 4.80, 36.58, 268.75, 36.63, 1.69, 94420.97, 6.21, 19.38,5
2.54, -9.16, 2.14, 36.56, 480.50, 36.02, 1.69, 94427.84, 6.21, 19.09,5
2.63, -9.25, 1.76, 36.55, 488.00, 35.41, 1.69, 94427.02, 6.21, 18.81,5
2.47, -9.26, 1.51, 36.45, 501.00, 36.43, 1.69, 94408.69, 6.23, 19.17,5
2.67, -9.19, 1.67, 36.59, 484.50, 37.03, 1.69, 94428.09, 6.21, 19.56,5
2.77, -9.38, 2.02, 36.59, 519.50, 37.07, 1.69, 94422.60, 6.21, 19.58,5
2.64, -9.26, 1.83, 36.61, 492.00, 36.39, 1.69, 94423.13, 6.21, 19.30,5
2.84, -9.42, 1.22, 36.60, 575.75, 36.11, 1.69, 94426.98, 6.21, 19.17,5
2.17, -9.60, 1.01, 36.60, 561.50, 36.80, 1.69, 94423.42, 6.21, 19.47,5
3.42, -9.36, 0.21, 36.61, 608.50, 37.32, 1.69, 94419.56, 6.22, 19.70,5
2.45, -9.40, 0.84, 36.61, 578.00, 37.00, 1.69, 94420.38, 6.21, 19.57,5
2.50, -9.38, 0.52, 36.58, 592.25, 36.61, 1.69, 94415.47, 6.22, 19.37,5
2.66, -9.33, 0.63, 36.60, 590.00, 36.92, 1.69, 94418.73, 6.22, 19.52,5
2.76, -9.27, 0.52, 36.58, 591.25, 37.02, 1.69, 94415.47, 6.22, 19.55,5
2.67, -9.20, 1.02, 36.59, 589.00, 36.90, 1.69, 94419.85, 6.22, 19.50,5
2.77, -9.21, 0.95, 36.59, 587.00, 37.57, 1.69, 94422.60, 6.21, 19.79,5
2.94, -9.37, 0.48, 36.60, 579.25, 36.61, 1.69, 94429.73, 6.21, 19.39,5
3.02, -9.42, 0.40, 36.62, 599.50, 36.76, 1.69, 94426.69, 6.21, 19.47,5
2.90, -9.45, 0.51, 36.59, 578.75, 36.54, 1.69, 94436.34, 6.20, 19.34,5
2.80, -9.32, 0.46, 36.58, 588.25, 36.02, 1.69, 94420.97, 6.21, 19.11,5
2.91, -9.30, 0.73, 36.57, 575.75, 35.96, 1.69, 94422.05, 6.21, 19.07,5
2.97, -9.37, 0.32, 36.58, 572.75, 35.85, 1.69, 94420.97, 6.21, 19.03,5
2.86, -9.37, 0.17, 36.61, 596.00, 35.75, 1.69, 94422.30, 6.21, 19.01,5
2.89, -9.29, -0.03, 36.63, 588.50, 36.05, 1.69, 94420.93, 6.21, 19.17,5
2.77, -9.48, 0.42, 36.63, 569.25, 35.74, 1.69, 94420.11, 6.21, 19.03,5
2.53, -9.56, 0.59, 36.64, 561.75, 35.43, 1.69, 94419.81, 6.22, 18.90,5
2.54, -9.27, 0.90, 36.63, 558.25, 35.79, 1.69, 94423.67, 6.21, 19.05,5
2.39, -9.46, 0.37, 36.62, 559.50, 35.68, 1.69, 94427.53, 6.21, 18.99,5
2.65, -9.44, 0.37, 36.53, 572.50, 36.30, 1.69, 94408.09, 6.23, 19.19,5
2.74, -9.29, 1.10, 36.66, 551.75, 37.23, 1.69, 94427.77, 6.21, 19.71,5
2.80, -9.45, 0.11, 36.65, 571.75, 37.63, 1.69, 94426.95, 6.21, 19.87,5
2.75, -9.29, 1.04, 36.65, 565.75, 37.12, 1.69, 94426.12, 6.21, 19.65,5
2.63, -9.44, 0.36, 36.63, 564.00, 37.24, 1.69, 94425.61, 6.21, 19.69,5
2.35, -9.86, 1.16, 36.63, 554.00, 36.56, 1.69, 94428.35, 6.21, 19.39,5
2.53, -9.34, 0.10, 36.67, 564.50, 35.91, 1.69, 94430.24, 6.21, 19.14,5
2.73, -9.54, 0.14, 36.66, 573.50, 35.49, 1.69, 94425.86, 6.21, 18.94,5
1.49, -9.29, 0.17, 36.67, 536.50, 35.08, 1.69, 94426.67, 6.21, 18.76,5
1.43, -9.56, 1.41, 36.66, 477.50, 35.07, 1.69, 94427.77, 6.21, 18.75,5
2.05, -9.55, 0.79, 36.68, 489.00, 35.35, 1.69, 94431.06, 6.21, 18.90,5
2.24, -9.25, 0.69, 36.70, 488.00, 36.04, 1.69, 94424.19, 6.21, 19.22,5
2.33, -9.45, 0.85, 36.69, 499.50, 36.56, 1.69, 94428.02, 6.21, 19.44,5
2.36, -9.52, 0.69, 36.71, 497.50, 37.29, 1.69, 94436.00, 6.20, 19.78,5
2.25, -9.51, 0.81, 36.62, 499.00, 37.35, 1.69, 94422.05, 6.21, 19.73,5
2.17, -9.45, 0.86, 36.70, 493.00, 37.61, 1.69, 94424.19, 6.21, 19.91,5
2.50, -9.39, 0.23, 36.71, 493.25, 36.78, 1.69, 94425.00, 6.21, 19.56,5
2.24, -9.47, 0.66, 36.72, 497.25, 35.80, 1.69, 94427.45, 6.21, 19.13,5
2.36, -9.48, 0.80, 36.68, 484.75, 34.98, 1.69, 94425.56, 6.21, 18.73,5
2.19, -9.32, 1.58, 36.68, 482.00, 34.86, 1.69, 94426.38, 6.21, 18.67,5
2.48, -9.45, 1.06, 36.69, 489.50, 35.12, 1.69, 94428.02, 6.21, 18.80,5
2.26, -9.35, 0.54, 36.70, 484.00, 34.84, 1.69, 94426.93, 6.21, 18.68,5
2.33, -9.41, 0.91, 36.71, 482.75, 35.38, 1.69, 94425.82, 6.21, 18.93,5
2.12, -9.55, 1.36, 36.72, 495.00, 36.91, 1.69, 94430.20, 6.21, 19.62,5
1.98, -9.54, 1.01, 36.70, 491.00, 37.06, 1.69, 94431.58, 6.20, 19.67,5
2.15, -9.49, 1.51, 36.71, 485.75, 36.01, 1.69, 94422.25, 6.21, 19.22,5
2.01, -9.50, 0.61, 36.71, 483.75, 35.09, 1.69, 94417.58, 6.22, 18.80,5
2.03, -9.50, 0.86, 36.71, 485.25, 35.43, 1.69, 94425.00, 6.21, 18.96,5
2.20, -9.43, 0.30, 36.72, 491.75, 34.85, 1.69, 94424.70, 6.21, 18.70,5
2.14, -9.40, 0.66, 36.71, 484.50, 35.59, 1.69, 94419.50, 6.22, 19.03,5
0.30, -9.68, 1.97, 36.85, 334.00, 35.53, 1.69, 94408.68, 6.23, 19.13,5
0.22, -9.63, 2.45, 36.97, 311.00, 36.13, 1.69, 94420.98, 6.21, 19.50,5
1.10, -8.66, 4.30, 36.93, 241.75, 35.50, 1.69, 94428.16, 6.21, 19.18,5
1.02, -8.90, 3.65, 36.93, 246.25, 36.04, 1.69, 94430.91, 6.21, 19.42,5
1.48, -9.01, 3.21, 36.91, 270.50, 36.42, 1.69, 94424.83, 6.21, 19.57,5
1.48, -9.11, 3.07, 36.93, 266.50, 37.51, 1.69, 94430.09, 6.21, 20.07,5
1.36, -8.91, 3.11, 36.90, 278.50, 36.64, 1.69, 94428.69, 6.21, 19.66,5
1.52, -8.96, 3.30, 36.92, 273.75, 35.88, 1.69, 94432.02, 6.20, 19.34,5
1.53, -8.99, 3.83, 36.94, 267.50, 36.63, 1.69, 94423.48, 6.21, 19.69,5
1.47, -9.02, 3.31, 36.94, 267.25, 38.09, 1.69, 94417.98, 6.22, 20.33,5
1.31, -8.98, 3.48, 36.92, 265.00, 37.78, 1.69, 94425.67, 6.21, 20.18,5
0.80, -9.14, 2.60, 36.97, 300.00, 37.73, 1.69, 94428.41, 6.21, 20.20,5
0.88, -8.98, 3.55, 36.95, 269.75, 37.12, 1.69, 94425.92, 6.21, 19.92,5
1.20, -8.82, 4.10, 36.97, 262.75, 36.67, 1.69, 94423.73, 6.21, 19.74,5
0.85, -8.82, 3.37, 36.96, 274.75, 36.60, 1.69, 94426.77, 6.21, 19.70,5
1.23, -8.95, 3.53, 36.95, 276.00, 36.33, 1.69, 94425.92, 6.21, 19.57,5
1.25, -8.87, 3.40, 36.95, 281.50, 36.55, 1.69, 94430.61, 6.21, 19.67,5
1.19, -8.83, 3.54, 36.93, 270.75, 36.26, 1.69, 94430.09, 6.21, 19.52,5
1.24, -8.99, 3.68, 36.93, 274.00, 36.09, 1.69, 94432.84, 6.20, 19.44,5
1.12, -9.08, 4.00, 36.84, 280.25, 35.34, 1.69, 94418.86, 6.22, 19.03,5
1.25, -9.07, 3.54, 36.93, 279.25, 37.34, 1.69, 94427.34, 6.21, 19.99,5
1.54, -8.85, 3.34, 36.92, 285.75, 36.79, 1.69, 94425.67, 6.21, 19.75,5
1.30, -9.03, 3.54, 36.91, 274.75, 35.54, 1.69, 94424.83, 6.21, 19.18,5
1.24, -8.99, 3.42, 36.92, 279.50, 35.59, 1.69, 94426.52, 6.21, 19.21,5
1.30, -9.01, 3.22, 36.94, 275.00, 35.76, 1.69, 94421.55, 6.21, 19.31,5
1.24, -9.00, 3.27, 36.94, 277.00, 36.70, 1.69, 94431.72, 6.20, 19.72,5
1.44, -9.06, 3.47, 36.94, 272.00, 37.35, 1.69, 94428.98, 6.21, 20.01,5
1.19, -8.97, 3.43, 36.90, 276.00, 36.56, 1.69, 94428.69, 6.21, 19.63,5
1.16, -8.97, 3.45, 36.92, 268.00, 36.51, 1.69, 94431.17, 6.20, 19.62,5
1.27, -8.95, 3.74, 36.93, 272.75, 36.98, 1.69, 94432.84, 6.20, 19.84,5
0.92, -9.04, 3.30, 36.93, 269.25, 38.15, 1.69, 94430.09, 6.21, 20.34,5
1.10, -8.90, 3.30, 36.92, 265.25, 38.07, 1.69, 94425.67, 6.21, 20.30,5
1.34, -9.02, 3.25, 36.92, 273.50, 37.94, 1.69, 94432.02, 6.20, 20.24,5
1.23, -8.83, 3.52, 36.89, 264.50, 36.99, 1.69, 94427.05, 6.21, 19.81,5
1.18, -9.05, 3.41, 36.90, 265.75, 36.25, 1.69, 94430.63, 6.21, 19.49,5
1.13, -8.99, 3.44, 36.92, 256.25, 37.52, 1.69, 94428.42, 6.21, 20.06,5
1.10, -8.99, 2.84, 36.94, 255.00, 36.73, 1.69, 94427.04, 6.21, 19.74,5
0.87, -9.11, 3.45, 36.87, 268.25, 36.88, 1.69, 94412.77, 6.22, 19.74,5
-0.19, -6.79, -6.86, 36.91, 329.50, 37.37, 1.69, 94430.33, 6.21, 19.99,5
-4.10, -9.71, -0.32, 36.88, 117.50, 36.96, 1.69, 94435.60, 6.20, 19.79,5
0.10, -7.87, 9.85, 36.88, 26.75, 36.63, 1.69, 94430.11, 6.21, 19.64,5
0.90, -8.06, -3.46, 36.84, 48.50, 35.28, 1.69, 94418.04, 6.22, 19.00,5
2.76, -9.71, -2.28, 36.83, 27.00, 34.81, 1.69, 94413.63, 6.22, 18.78,5
0.25, -9.06, -3.06, 36.86, 54.50, 35.58, 1.69, 94410.31, 6.22, 19.16,5
0.55, -8.83, -2.89, 36.84, 67.25, 35.63, 1.69, 94407.05, 6.23, 19.16,5
0.95, -8.00, -3.57, 36.83, 114.00, 35.91, 1.69, 94408.13, 6.23, 19.28,5
2.30, -8.89, -2.97, 36.82, 21.75, 35.15, 1.69, 94411.99, 6.22, 18.92,5
1.11, -9.17, -4.08, 36.81, 43.50, 35.45, 1.69, 94410.36, 6.22, 19.05,5
1.18, -8.92, -4.28, 36.80, 45.00, 37.12, 1.69, 94406.80, 6.23, 19.78,5
1.62, -8.83, -3.89, 36.83, 60.00, 36.91, 1.69, 94410.88, 6.22, 19.72,5
1.32, -8.47, -4.50, 36.84, 48.25, 38.58, 1.69, 94415.30, 6.22, 20.44,5
1.23, -8.46, -3.96, 36.83, 47.00, 37.34, 1.69, 94416.38, 6.22, 19.91,5
1.33, -8.69, -4.13, 36.82, 48.25, 37.48, 1.69, 94420.23, 6.21, 19.96,5
1.02, -9.85, -3.21, 36.77, 68.50, 35.38, 1.69, 94419.17, 6.22, 18.99,5
1.18, -10.11, 0.27, 36.77, 15.75, 36.31, 1.69, 94418.34, 6.22, 19.40,5
2.35, -9.77, -1.65, 36.77, 59.25, 36.90, 1.69, 94410.92, 6.22, 19.66,5
3.08, -8.64, -2.38, 36.75, 20.50, 36.03, 1.69, 94415.90, 6.22, 19.26,5
1.92, -9.70, -0.97, 36.62, 30.00, 35.78, 1.69, 94523.70, 6.12, 19.04,5
1.48, -6.53, -3.00, 36.66, 28.75, 35.92, 1.69, 94522.03, 6.12, 19.13,5
-2.07, -11.07, 1.74, 36.65, 16.00, 35.56, 1.69, 94512.13, 6.13, 18.96,5
1.02, -11.78, -4.42, 36.61, 71.00, 35.24, 1.69, 94513.80, 6.13, 18.78,5
3.89, -10.44, 1.43, 36.61, 25.75, 34.68, 1.69, 94521.22, 6.12, 18.52,5
-0.66, -8.72, -3.40, 36.42, 4.00, 37.64, 1.69, 94521.02, 6.12, 19.67,5
-0.71, -8.64, -3.61, 36.41, 4.25, 40.05, 1.69, 94519.38, 6.13, 20.67,5
-0.45, -8.85, -4.18, 36.40, 5.25, 39.93, 1.69, 94513.03, 6.13, 20.61,5
-0.66, -8.60, -4.41, 36.41, 5.00, 41.65, 1.69, 94519.38, 6.13, 21.31,5
-0.11, -8.43, -4.74, 36.40, 5.75, 42.98, 1.69, 94518.53, 6.13, 21.81,5
-0.08, -8.34, -4.50, 36.40, 5.75, 42.73, 1.69, 94517.70, 6.13, 21.71,5
-0.31, -8.91, -4.16, 36.38, 4.75, 41.59, 1.69, 94514.44, 6.13, 21.26,5
-0.48, -9.77, -1.22, 36.36, 1.50, 41.80, 1.69, 94513.88, 6.13, 21.32,5
-0.19, -8.91, -1.74, 36.33, 1.75, 41.30, 1.69, 94514.47, 6.13, 21.10,5
0.76, -9.44, 0.69, 36.21, 6.00, 37.72, 1.69, 94515.59, 6.13, 19.52,5
0.71, -9.14, -2.55, 36.18, 5.50, 35.76, 1.69, 94515.33, 6.13, 18.64,5
1.54, -10.26, -1.42, 34.92, 2.50, 32.36, 1.69, 94515.07, 6.13, 15.96,5
1.01, -8.81, -3.26, 34.94, 2.50, 34.04, 1.69, 94518.38, 6.13, 16.77,5
2.32, -8.83, -2.58, 34.84, 3.00, 33.26, 1.69, 94512.89, 6.13, 16.32,5
4.80, -8.43, -0.92, 34.81, 2.75, 33.36, 1.69, 94515.06, 6.13, 16.34,5
5.03, -8.53, -1.09, 34.85, 3.00, 34.98, 1.69, 94520.83, 6.12, 17.12,5
4.59, -8.66, -0.92, 34.86, 4.00, 34.69, 1.69, 94516.17, 6.13, 17.00,5
4.66, -8.75, -1.47, 34.84, 3.75, 35.64, 1.69, 94521.94, 6.12, 17.41,5
4.85, -8.51, -1.02, 34.81, 3.25, 37.15, 1.69, 94525.20, 6.12, 18.04,5
4.46, -8.58, -1.49, 34.78, 3.00, 35.70, 1.69, 94520.26, 6.12, 17.38,5
4.03, -8.76, -1.64, 34.75, 2.75, 35.00, 1.69, 94527.13, 6.12, 17.04,5
4.52, -8.62, -1.91, 34.75, 2.75, 36.62, 1.69, 94516.16, 6.13, 17.76,5
4.16, -8.81, -1.73, 34.73, 3.25, 36.96, 1.69, 94523.81, 6.12, 17.89,5
3.85, -8.75, -1.99, 34.72, 2.50, 37.10, 1.69, 94519.44, 6.13, 17.94,5
-2.52, -8.79, -0.25, 34.68, 3.75, 36.61, 1.69, 94520.25, 6.12, 17.69,5
-0.18, -8.79, -1.31, 34.59, 8.25, 33.85, 1.69, 94517.21, 6.13, 16.38,5
5.84, -10.69, -1.96, 34.53, 5.00, 32.54, 1.69, 94523.75, 6.12, 15.71,5
0.96, -7.63, -3.02, 34.51, 3.00, 31.71, 1.69, 94517.73, 6.13, 15.29,5
2.07, -12.21, -6.25, 34.49, 3.50, 31.34, 1.69, 94525.38, 6.12, 15.08,5
2.91, -9.70, -1.56, 34.50, 2.00, 32.11, 1.69, 94518.83, 6.13, 15.47,5
1.93, -10.29, -0.50, 34.49, 16.75, 33.57, 1.69, 94522.64, 6.12, 16.16,5
1.61, -9.95, -1.66, 34.21, 18.25, 30.54, 1.69, 94512.94, 6.13, 14.44,5
0.53, -9.08, -3.08, 34.27, 10.25, 29.51, 1.69, 94512.67, 6.13, 13.96,5
0.88, -9.21, -3.29, 34.30, 10.25, 30.84, 1.69, 94514.06, 6.13, 14.67,5
0.77, -9.08, -3.31, 34.30, 13.75, 31.90, 1.69, 94509.41, 6.13, 15.20,5
-0.04, -9.21, -1.50, 34.29, 13.00, 30.84, 1.69, 94504.21, 6.14, 14.66,5
1.23, -8.80, -2.32, 34.24, 28.00, 30.17, 1.69, 94513.23, 6.13, 14.28,5
1.99, -8.61, -1.33, 34.13, 28.25, 26.63, 1.69, 94513.45, 6.13, 12.27,5
0.03, -9.32, -3.27, 34.10, 35.00, 26.67, 1.69, 94509.31, 6.13, 12.27,5
1.27, -8.93, -3.16, 34.07, 33.50, 28.43, 1.69, 94513.42, 6.13, 13.22,5
1.09, -9.07, -3.35, 34.12, 32.75, 30.04, 1.69, 94514.55, 6.13, 14.11,5
1.73, -8.81, -3.34, 34.11, 29.50, 32.44, 1.69, 94510.13, 6.13, 15.29,5
0.92, -10.61, -2.12, 34.04, 25.50, 30.06, 1.69, 94515.87, 6.13, 14.05,5
1.17, -8.99, -3.71, 34.04, 23.75, 31.49, 1.69, 94513.13, 6.13, 14.77,5
1.07, -9.03, -2.96, 34.02, 24.75, 31.55, 1.69, 94515.30, 6.13, 14.78,5
0.67, -9.10, -2.80, 34.01, 22.75, 32.24, 1.69, 94516.39, 6.13, 15.11,5
2.18, -10.14, -2.90, 33.96, 30.75, 31.73, 1.69, 94519.08, 6.13, 14.82,5
2.81, -8.57, -2.16, 33.87, 26.00, 29.71, 1.69, 94515.20, 6.13, 13.72,5
7.55, -4.49, 5.82, 33.72, 8.25, 27.36, 1.69, 94516.73, 6.13, 12.34,5
0.83, -8.43, -2.67, 33.70, 14.25, 26.88, 1.69, 94513.45, 6.13, 12.05,5
0.60, -9.01, -2.74, 33.67, 30.50, 27.88, 1.69, 94513.97, 6.13, 12.58,5
0.77, -8.97, -3.56, 33.57, 20.50, 26.73, 1.69, 94505.72, 6.14, 11.85,5
1.01, -8.95, -2.87, 33.64, 6.00, 26.92, 1.69, 94514.49, 6.13, 12.02,5
2.50, -9.09, -3.39, 33.64, 6.75, 27.34, 1.69, 94511.76, 6.13, 12.26,5
-0.27, -9.43, -2.58, 33.61, 85.25, 27.62, 1.69, 94516.95, 6.13, 12.39,5
5.26, -7.64, 4.13, 33.58, 48.00, 27.60, 1.69, 94510.91, 6.13, 12.35,5
2.04, -9.20, -1.73, 33.54, 99.25, 28.46, 1.69, 94498.84, 6.14, 12.79,5
0.23, -8.31, -3.42, 33.61, 144.75, 29.60, 1.69, 94512.30, 6.13, 13.44,5
1.40, -9.22, -1.66, 33.62, 111.50, 30.88, 1.69, 94508.48, 6.14, 14.10,5
1.02, -9.71, -0.73, 33.64, 105.00, 31.83, 1.69, 94511.76, 6.13, 14.59,5
1.23, -9.58, -1.37, 33.63, 101.50, 36.24, 1.69, 94512.85, 6.13, 16.61,5
1.71, -9.56, -0.34, 33.53, 100.50, 35.25, 1.69, 94499.94, 6.14, 16.08,5
1.63, -9.50, -1.37, 33.66, 82.00, 34.21, 1.69, 94516.98, 6.13, 15.73,5
1.55, -9.48, -1.11, 33.65, 98.50, 34.59, 1.69, 94513.42, 6.13, 15.89,5
1.71, -9.45, -1.51, 33.65, 101.00, 35.87, 1.69, 94518.90, 6.13, 16.46,5
1.62, -9.54, -1.28, 33.63, 93.00, 37.78, 1.69, 94507.38, 6.14, 17.26,5
1.36, -9.40, -1.54, 33.68, 98.50, 38.23, 1.69, 94514.80, 6.13, 17.50,5
1.28, -9.53, -1.28, 33.67, 113.50, 36.28, 1.69, 94522.18, 6.12, 16.66,5
1.33, -9.45, -1.82, 33.69, 127.75, 36.25, 1.69, 94519.20, 6.13, 16.67,5
1.28, -9.43, -1.88, 33.69, 130.50, 37.30, 1.69, 94514.55, 6.13, 17.12,5
2.16, -9.64, -1.28, 33.70, 114.25, 35.94, 1.69, 94512.63, 6.13, 16.54,5
1.68, -9.50, -1.61, 33.73, 120.50, 35.64, 1.69, 94521.14, 6.12, 16.43,5
1.20, -9.39, -2.33, 33.74, 154.00, 35.38, 1.69, 94519.23, 6.13, 16.33,5
1.27, -9.35, -1.95, 33.73, 149.25, 37.19, 1.69, 94515.67, 6.13, 17.11,5
1.21, -9.39, -2.16, 33.73, 150.50, 36.75, 1.69, 94512.94, 6.13, 16.92,5
1.22, -9.46, -1.74, 33.73, 144.75, 37.36, 1.69, 94510.20, 6.13, 17.17,5
0.88, -8.10, 2.48, 33.73, 82.50, 36.54, 1.69, 94515.67, 6.13, 16.83,5
2.76, -8.43, 0.90, 33.71, 80.75, 34.82, 1.69, 94515.09, 6.13, 16.05,5
1.60, -8.31, -3.25, 33.71, 41.75, 32.66, 1.69, 94506.89, 6.14, 15.05,5
2.14, -9.13, -1.92, 33.58, 21.00, 29.98, 1.69, 94510.09, 6.13, 13.61,5
0.02, -9.45, -1.45, 33.61, 29.75, 28.83, 1.69, 94511.48, 6.13, 13.04,5
2.77, -14.33, -2.62, 33.58, 22.50, 29.36, 1.69, 94518.30, 6.13, 13.29,5
-0.41, -10.03, -1.83, 33.59, 28.00, 29.83, 1.69, 94519.94, 6.13, 13.54,5
0.30, -8.83, -1.74, 33.54, 17.25, 29.75, 1.69, 94517.17, 6.13, 13.46,5
3.51, -8.96, -0.35, 33.49, 14.00, 29.36, 1.69, 94517.14, 6.13, 13.21,5
1.25, -9.44, -2.51, 33.52, 18.00, 31.81, 1.69, 94522.09, 6.12, 14.48,5
1.21, -9.23, -2.47, 33.41, 19.25, 30.75, 1.69, 94512.95, 6.13, 13.86,5
1.58, -9.72, -0.63, 33.32, 18.75, 31.74, 1.69, 94515.34, 6.13, 14.27,5
1.57, -9.56, -0.70, 33.38, 18.50, 31.94, 1.69, 94512.64, 6.13, 14.42,5
1.33, -11.76, -0.74, 33.37, 9.00, 30.54, 1.69, 94519.20, 6.13, 13.72,5
0.57, -9.90, 2.13, 33.29, 9.75, 28.57, 1.69, 94524.05, 6.12, 12.63,5
1.02, -9.62, 1.52, 28.16, 20.50, 24.56, 1.69, 94539.45, 6.11, 6.02,5
1.38, -9.69, 1.68, 28.16, 20.75, 24.47, 1.69, 94544.88, 6.10, 5.97,5
1.83, -9.90, -0.01, 28.13, 25.00, 24.43, 1.69, 94538.03, 6.11, 5.92,5
-1.89, -7.09, 0.65, 28.17, 21.50, 24.43, 1.69, 94535.70, 6.11, 5.95,5
3.29, -8.43, 5.61, 28.08, 12.00, 24.60, 1.69, 94526.23, 6.12, 5.97,5
1.04, -8.15, -0.29, 28.19, 18.00, 24.81, 1.69, 94530.05, 6.12, 6.19,5
2.85, -7.83, -2.62, 28.20, 33.75, 25.43, 1.69, 94535.23, 6.11, 6.56,5
1.42, -9.15, -3.05, 28.24, 20.25, 27.50, 1.69, 94539.14, 6.11, 7.73,5
1.64, -8.99, -3.44, 28.27, 8.00, 27.04, 1.69, 94529.73, 6.12, 7.51,5
1.45, -8.99, -3.37, 28.32, 29.25, 28.24, 1.69, 94538.83, 6.11, 8.20,5
0.57, -9.06, -3.66, 28.36, 31.00, 30.99, 1.69, 94536.52, 6.11, 9.61,5
0.09, -9.07, -3.48, 28.37, 28.75, 30.46, 1.69, 94533.56, 6.11, 9.36,5
0.05, -9.08, -3.38, 28.39, 26.75, 29.78, 1.69, 94531.47, 6.11, 9.04,5
-0.15, -9.10, -3.79, 28.44, 29.75, 29.29, 1.69, 94529.95, 6.12, 8.84,5
2.26, -9.38, -3.61, 28.44, 27.75, 29.62, 1.69, 94535.37, 6.11, 9.01,5
0.83, -9.18, -4.74, 28.44, 18.00, 29.24, 1.69, 94536.20, 6.11, 8.81,5
1.21, -8.76, -4.32, 28.47, 13.75, 28.58, 1.69, 94540.36, 6.11, 8.50,5
1.48, -8.60, -2.56, 28.48, 13.50, 28.36, 1.69, 94531.97, 6.11, 8.40,5
0.98, -9.29, -2.89, 28.47, 13.50, 27.73, 1.69, 94540.36, 6.11, 8.06,5
0.63, -9.14, -2.74, 28.46, 11.25, 26.88, 1.69, 94538.67, 6.11, 7.59,5
1.05, -9.32, -2.44, 28.48, 10.00, 28.97, 1.69, 94531.97, 6.11, 8.71,5
-0.04, -8.90, -3.85, 28.52, 12.00, 31.63, 1.69, 94538.59, 6.11, 10.05,5
-0.57, -8.97, -2.81, 28.55, 18.25, 31.43, 1.69, 94531.89, 6.11, 9.98,5
0.85, -9.70, -1.02, 30.19, 54.50, 28.08, 1.69, 94536.65, 6.11, 9.71,1
0.67, -9.62, -1.01, 30.19, 54.50, 28.08, 1.69, 94536.65, 6.11, 9.71,1
0.92, -9.70, -1.23, 30.19, 54.50, 28.08, 1.69, 94534.75, 6.11, 9.71,1
0.80, -9.76, -0.91, 30.19, 54.50, 28.08, 1.69, 94534.75, 6.11, 9.71,1
0.86, -9.66, -1.15, 30.19, 54.75, 28.07, 1.69, 94537.47, 6.11, 9.71,1
0.67, -9.58, -0.92, 30.19, 54.75, 28.07, 1.69, 94537.47, 6.11, 9.71,1